
CREATE DATABASE polity;
USE polity;


-- Create Tables

CREATE TABLE states (
    state_id INT PRIMARY KEY,
    state_name VARCHAR(50)
);

CREATE TABLE districts (
    district_id INT PRIMARY KEY,
    district_name VARCHAR(50),
    state_id INT,
    FOREIGN KEY (state_id) REFERENCES states(state_id)
);

CREATE TABLE constituencies (
    constituency_id INT PRIMARY KEY,
    constituency_name VARCHAR(50),
    district_id INT,
    FOREIGN KEY (district_id) REFERENCES districts(district_id)
);

CREATE TABLE parties (
    party_id INT PRIMARY KEY,
    party_name VARCHAR(50),
    leader_name VARCHAR(50)
);

                    

CREATE TABLE candidates (
    candidate_id INT PRIMARY KEY,
    candidate_name VARCHAR(50),
    age INT,
    gender VARCHAR(10),
    constituency_id INT,
    party_id INT,
    FOREIGN KEY (constituency_id) REFERENCES constituencies(constituency_id),
    FOREIGN KEY (party_id) REFERENCES parties(party_id)
);

CREATE TABLE Voters (
    voter_id INT PRIMARY KEY,
    voter_name VARCHAR(50),
    age INT,
    gender VARCHAR(10),
    constituency_id INT,
    FOREIGN KEY (constituency_id) REFERENCES constituencies(constituency_id)
);

CREATE TABLE Votes (
    vote_id INT PRIMARY KEY,
    voter_id INT,
    candidate_id INT,
    FOREIGN KEY (voter_id) REFERENCES Voters(voter_id),
    FOREIGN KEY (candidate_id) REFERENCES candidates(candidate_id)
);


INSERT INTO states VALUES (1, 'Tamil Nadu');
INSERT INTO states VALUES (2, 'Kerala');
INSERT INTO states VALUES (3, 'Karnataka');
INSERT INTO states VALUES (4, 'Andhra Pradesh');
INSERT INTO states VALUES (5, 'Telangana');
INSERT INTO districts VALUES (1, 'Chennai', 1);
INSERT INTO districts VALUES (2, 'Madurai', 1);
INSERT INTO districts VALUES (3, 'Kozhikode', 2);
INSERT INTO districts VALUES (4, 'Thiruvananthapuram', 2);
INSERT INTO districts VALUES (5, 'Bengaluru Urban', 3);
INSERT INTO districts VALUES (6, 'Mysuru', 3);
INSERT INTO districts VALUES (7, 'Hyderabad', 4);
INSERT INTO districts VALUES (8, 'Warangal', 4);
INSERT INTO districts VALUES (9, 'Vijayawada', 5);
INSERT INTO districts VALUES (10, 'Visakhapatnam', 5);
INSERT INTO constituencies VALUES (1, 'Thousand Lights', 1);
INSERT INTO constituencies VALUES (2, 'Saidapet', 1);
INSERT INTO constituencies VALUES (3, 'Anna Nagar', 1);
INSERT INTO constituencies VALUES (4, 'Madurai Central', 2);
INSERT INTO constituencies VALUES (5, 'Madurai South', 2);
INSERT INTO constituencies VALUES (6, 'Kozhikode North', 2);
INSERT INTO constituencies VALUES (7, 'Kozhikode South', 3);
INSERT INTO constituencies VALUES (8, 'Vattiyoorkavu', 3);
INSERT INTO constituencies VALUES (9, 'Nemom', 3);
INSERT INTO constituencies VALUES (10, 'Indiranagar', 4);
INSERT INTO constituencies VALUES (11, 'Jayanagar', 4);
INSERT INTO constituencies VALUES (12, 'Mysore', 4);
INSERT INTO constituencies VALUES (13, 'Charminar', 5);
INSERT INTO constituencies VALUES (14, 'Secunderabad', 5);
INSERT INTO constituencies VALUES (15, 'Warangal East', 5);
INSERT INTO constituencies VALUES (16, 'Warangal West', 6);
INSERT INTO constituencies VALUES (17, 'Vijayawada Central', 6);
INSERT INTO constituencies VALUES (18, 'Vijayawada West', 6);
INSERT INTO constituencies VALUES (19, 'Visakhapatnam North', 7);
INSERT INTO constituencies VALUES (20, 'Visakhapatnam South', 7);
INSERT INTO constituencies VALUES (21, 'Tambaram', 7);
INSERT INTO constituencies VALUES (22, 'Adyar', 8);
INSERT INTO constituencies VALUES (23, 'Triplicane', 8);
INSERT INTO constituencies VALUES (24, 'Mylapore', 8);

INSERT INTO Parties (party_id, party_name,leader_name) VALUES
(1, "People's Voice Party", 'Manoj Kumar'),
(2, 'Harmony Progressive Front', 'Deepa Reddy'),
(3, 'United Citizen Alliance', 'Aishwarya Menon'),
(4, "Southern Democratic Union",'Dhusyanth'),
(5, 'Future Tamil Congress', 'Meena Swamy'); 

INSERT INTO Candidates (candidate_id, candidate_name, age, gender, constituency_id, party_id) VALUES
(1, 'Aishwarya Kumar', 50, 'Female', 1, 4),
(2, 'Manoj Kumar', 54, 'Male', 1, 1),
(3, 'Suresh Nair', 55, 'Male', 1, 1),
(4, 'Lakshmi Das', 46, 'Female', 1, 1),
(5, 'Deepa Reddy', 32, 'Female', 2, 2),
(6, 'Suresh Chandran', 33, 'Male', 2, 1),
(7, 'Rahul Iyer', 44, 'Male', 2, 1),
(8, 'Revathi Kumar', 62, 'Female', 2, 4),
(9, 'Deepa Nair', 64, 'Female', 3, 2),
(10, 'Aishwarya Chandran', 43, 'Female', 3, 5),
(11, 'Priya Naidu', 33, 'Female', 3, 2),
(12, 'Meena Reddy', 53, 'Female', 3, 5),
(13, 'Aishwarya Menon', 31, 'Female', 4, 3),
(14, 'Deepa Naidu', 48, 'Female', 4, 2),
(15, 'Revathi Iyer', 57, 'Female', 4, 3),
(16, 'Deepa Varma', 38, 'Female', 4, 1),
(17, 'Divya Swamy', 63, 'Female', 5, 1),
(18, 'Manoj Das', 63, 'Male', 5, 4),
(19, 'Lakshmi Naidu', 44, 'Female', 5, 2),
(20, 'Divya Iyer', 55, 'Female', 5, 1),
(21, 'Naveen Kumar', 65, 'Male', 6, 3),
(22, 'Priya Das', 43, 'Female', 6, 2),
(23, 'Ravi Menon', 43, 'Male', 6, 3),
(24, 'Priya Das', 63, 'Female', 6, 2),
(25, 'Vikram Menon', 58, 'Male', 7, 3),
(26, 'Meena Iyer', 39, 'Female', 7, 3),
(27, 'Revathi Reddy', 60, 'Female', 7, 2),
(28, 'Manoj Swamy', 33, 'Male', 7, 2),
(29, 'Rahul Reddy', 61, 'Male', 8, 4),
(30, 'Meena Reddy', 65, 'Female', 8, 1),
(31, 'Meena Swamy', 38, 'Female', 8, 5),
(32, 'Vikram Das', 50, 'Male', 8, 3),
(33, 'Manoj Nair', 67, 'Male', 9, 5),
(34, 'Deepa Chandran', 63, 'Female', 9, 4),
(35, 'Ravi Varma', 52, 'Male', 9, 3),
(36, 'Pavithra Nair', 56, 'Female', 9, 2),
(37, 'Manoj Varma', 47, 'Male', 10, 4),
(38, 'Priya Das', 68, 'Female', 10, 5),
(39, 'Sneha Das', 63, 'Female', 10, 5),
(40, 'Divya Reddy', 47, 'Female', 10, 5),
(41, 'Divya Naidu', 52, 'Female', 11, 3),
(42, 'Meena Varma', 32, 'Female', 11, 1),
(43, 'Keerthi Reddy', 64, 'Female', 11, 3),
(44, 'Aishwarya Das', 49, 'Female', 11, 2),
(45, 'Sneha Swamy', 57, 'Female', 12, 1),
(46, 'Sneha Naidu', 55, 'Female', 12, 1),
(47, 'Arun Varma', 66, 'Male', 12, 3),
(48, 'Karthik Varma', 48, 'Male', 12, 4),
(49, 'Harish Nair', 55, 'Male', 13, 5),
(50, 'Dhusyanth Naidu', 48, 'Male', 13, 4),
(51, 'Arun Iyer', 59, 'Male', 13, 5),
(52, 'Dhusyanth Chandran', 45, 'Male', 13, 3),
(53, 'Suresh Chandran', 67, 'Male', 14, 2),
(54, 'Aishwarya Swamy', 59, 'Female', 14, 3),
(55, 'Meena Nair', 34, 'Female', 14, 1),
(56, 'Sneha Iyer', 63, 'Female', 14, 2),
(57, 'Deepa Iyer', 54, 'Female', 15, 2),
(58, 'Manoj Menon', 69, 'Male', 15, 1),
(59, 'Revathi Varma', 57, 'Female', 15, 3),
(60, 'Keerthi Nair', 40, 'Female', 15, 1),
(61, 'Manoj Swamy', 35, 'Male', 16, 4),
(62, 'Sneha Chandran', 46, 'Female', 16, 4),
(63, 'Rahul Menon', 51, 'Male', 16, 3),
(64, 'Naveen Nair', 52, 'Male', 16, 3),
(65, 'Aishwarya Das', 39, 'Female', 17, 1),
(66, 'Karthik Swamy', 31, 'Male', 17, 1),
(67, 'Aishwarya Naidu', 45, 'Female', 17, 1),
(68, 'Divya Chandran', 58, 'Female', 17, 2),
(69, 'Deepa Das', 41, 'Female', 18, 1),
(70, 'Naveen Menon', 62, 'Male', 18, 4),
(71, 'Sneha Naidu', 57, 'Female', 18, 4),
(72, 'Vikram Iyer', 43, 'Male', 18, 1),
(73, 'Divya Das', 32, 'Female', 19, 4),
(74, 'Suresh Menon', 41, 'Male', 19, 4),
(75, 'Meena Das', 69, 'Female', 19, 2),
(76, 'Vikram Iyer', 40, 'Male', 19, 2),
(77, 'Karthik Varma', 69, 'Male', 20, 1),
(78, 'Lakshmi Varma', 70, 'Female', 20, 5),
(79, 'Rahul Naidu', 61, 'Male', 20, 3),
(80, 'Ravi Kumar', 62, 'Male', 20, 4),
(81, 'Arun Reddy', 38, 'Male', 21, 4),
(82, 'Arun Reddy', 52, 'Male', 21, 3),
(83, 'Aishwarya Reddy', 48, 'Female', 21, 1),
(84, 'Dhusyanth Iyer', 55, 'Male', 21, 2),
(85, 'Rahul Chandran', 68, 'Male', 22, 3),
(86, 'Aishwarya Kumar', 62, 'Female', 22, 4),
(87, 'Deepa Kumar', 68, 'Female', 22, 3),
(88, 'Dhusyanth Chandran', 37, 'Male', 22, 2),
(89, 'Rahul Iyer', 55, 'Male', 23, 2),
(90, 'Vikram Menon', 57, 'Male', 23, 3),
(91, 'Ravi Nair', 40, 'Male', 23, 4),
(92, 'Pavithra Das', 36, 'Female', 23, 2),
(93, 'Divya Swamy', 56, 'Female', 24, 5),
(94, 'Harish Reddy', 61, 'Male', 24, 2),
(95, 'Aishwarya Swamy', 44, 'Female', 24, 3),
(96, 'Karthik Chandran', 63, 'Male', 24, 2); 


INSERT INTO Voters VALUES (1, 'Anjali Varma', 79, 'Female', 1);
INSERT INTO Voters VALUES (2, 'Karthik Varma', 40, 'Male', 2);
INSERT INTO Voters VALUES (3, 'Deepa Sharma', 37, 'Female', 3);
INSERT INTO Voters VALUES (4, 'Vikram Pillai', 46, 'Male', 4);
INSERT INTO Voters VALUES (5, 'Anjali Kumar', 28, 'Female', 5);
INSERT INTO Voters VALUES (6, 'Arun Pillai', 54, 'Male', 6);
INSERT INTO Voters VALUES (7, 'Divya Kumar', 42, 'Female', 7);
INSERT INTO Voters VALUES (8, 'Lakshmi Rao', 87, 'Male', 8);
INSERT INTO Voters VALUES (9, 'Rahul Nair', 78, 'Female', 9);
INSERT INTO Voters VALUES (10, 'Rahul Ramesh', 53, 'Male', 10);
INSERT INTO Voters VALUES (11, 'Divya Ramesh', 53, 'Female', 11);
INSERT INTO Voters VALUES (12, 'Deepa Iyer', 68, 'Male', 12);
INSERT INTO Voters VALUES (13, 'Priya Nair', 87, 'Female', 13);
INSERT INTO Voters VALUES (14, 'Anjali Sharma', 88, 'Male', 14);
INSERT INTO Voters VALUES (15, 'Anjali Iyer', 73, 'Female', 15);
INSERT INTO Voters VALUES (16, 'Lakshmi Pillai', 70, 'Male', 16);
INSERT INTO Voters VALUES (17, 'Deepa Nair', 70, 'Female', 17);
INSERT INTO Voters VALUES (18, 'Divya Menon', 56, 'Male', 18);
INSERT INTO Voters VALUES (19, 'Vikram Kumar', 88, 'Female', 19);
INSERT INTO Voters VALUES (20, 'Vikram Sharma', 90, 'Male', 20);
INSERT INTO Voters VALUES (21, 'Anjali Varma', 74, 'Female', 21);
INSERT INTO Voters VALUES (22, 'Suresh Nair', 31, 'Male', 22);
INSERT INTO Voters VALUES (23, 'Priya Rao', 39, 'Female', 23);
INSERT INTO Voters VALUES (24, 'Anjali Sharma', 81, 'Male', 24);
INSERT INTO Voters VALUES (25, 'Priya Rao', 26, 'Female', 1);
INSERT INTO Voters VALUES (26, 'Anjali Ramesh', 25, 'Male', 2);
INSERT INTO Voters VALUES (27, 'Deepa Iyer', 45, 'Female', 3);
INSERT INTO Voters VALUES (28, 'Vikram Kumar', 52, 'Male', 4);
INSERT INTO Voters VALUES (29, 'Rahul Nair', 35, 'Female', 5);
INSERT INTO Voters VALUES (30, 'Rahul Varma', 52, 'Male', 6);
INSERT INTO Voters VALUES (31, 'Deepa Ramesh', 69, 'Female', 7);
INSERT INTO Voters VALUES (32, 'Deepa Kumar', 49, 'Male', 8);
INSERT INTO Voters VALUES (33, 'Rahul Das', 73, 'Female', 9);
INSERT INTO Voters VALUES (34, 'Deepa Pillai', 65, 'Male', 10);
INSERT INTO Voters VALUES (35, 'Anjali Das', 42, 'Female', 11);
INSERT INTO Voters VALUES (36, 'Deepa Nair', 56, 'Male', 12);
INSERT INTO Voters VALUES (37, 'Lakshmi Iyer', 48, 'Female', 13);
INSERT INTO Voters VALUES (38, 'Deepa Iyer', 36, 'Male', 14);
INSERT INTO Voters VALUES (39, 'Vikram Varma', 57, 'Female', 15);
INSERT INTO Voters VALUES (40, 'Rahul Sharma', 72, 'Male', 16);
INSERT INTO Voters VALUES (41, 'Divya Ramesh', 62, 'Female', 17);
INSERT INTO Voters VALUES (42, 'Anjali Das', 74, 'Male', 18);
INSERT INTO Voters VALUES (43, 'Priya Das', 38, 'Female', 19);
INSERT INTO Voters VALUES (44, 'Priya Rao', 30, 'Male', 20);
INSERT INTO Voters VALUES (45, 'Suresh Varma', 71, 'Female', 21);
INSERT INTO Voters VALUES (46, 'Lakshmi Menon', 71, 'Male', 22);
INSERT INTO Voters VALUES (47, 'Arun Rao', 85, 'Female', 23);
INSERT INTO Voters VALUES (48, 'Deepa Menon', 85, 'Male', 24);
INSERT INTO Voters VALUES (49, 'Deepa Iyer', 81, 'Female', 1);
INSERT INTO Voters VALUES (50, 'Priya Nair', 26, 'Male', 2);
INSERT INTO Voters VALUES (51, 'Deepa Nair', 40, 'Female', 3);
INSERT INTO Voters VALUES (52, 'Rahul Nair', 36, 'Male', 4);
INSERT INTO Voters VALUES (53, 'Lakshmi Das', 72, 'Female', 5);
INSERT INTO Voters VALUES (54, 'Priya Das', 21, 'Male', 6);
INSERT INTO Voters VALUES (55, 'Deepa Nair', 68, 'Female', 7);
INSERT INTO Voters VALUES (56, 'Anjali Rao', 24, 'Male', 8);
INSERT INTO Voters VALUES (57, 'Arun Pillai', 33, 'Female', 9);
INSERT INTO Voters VALUES (58, 'Divya Menon', 83, 'Male', 10);
INSERT INTO Voters VALUES (59, 'Karthik Das', 43, 'Female', 11);
INSERT INTO Voters VALUES (60, 'Suresh Varma', 39, 'Male', 12);
INSERT INTO Voters VALUES (61, 'Priya Ramesh', 42, 'Female', 13);
INSERT INTO Voters VALUES (62, 'Arun Varma', 72, 'Male', 14);
INSERT INTO Voters VALUES (63, 'Arun Sharma', 59, 'Female', 15);
INSERT INTO Voters VALUES (64, 'Deepa Ramesh', 36, 'Male', 16);
INSERT INTO Voters VALUES (65, 'Suresh Pillai', 25, 'Female', 17);
INSERT INTO Voters VALUES (66, 'Anjali Das', 19, 'Male', 18);
INSERT INTO Voters VALUES (67, 'Divya Ramesh', 81, 'Female', 19);
INSERT INTO Voters VALUES (68, 'Karthik Sharma', 21, 'Male', 20);
INSERT INTO Voters VALUES (69, 'Deepa Menon', 53, 'Female', 21);
INSERT INTO Voters VALUES (70, 'Priya Varma', 55, 'Male', 22);
INSERT INTO Voters VALUES (71, 'Anjali Menon', 82, 'Female', 23);
INSERT INTO Voters VALUES (72, 'Rahul Varma', 73, 'Male', 24);
INSERT INTO Voters VALUES (73, 'Suresh Menon', 78, 'Female', 1);
INSERT INTO Voters VALUES (74, 'Karthik Iyer', 50, 'Male', 2);
INSERT INTO Voters VALUES (75, 'Karthik Menon', 88, 'Female', 3);
INSERT INTO Voters VALUES (76, 'Anjali Das', 83, 'Male', 4);
INSERT INTO Voters VALUES (77, 'Arun Kumar', 30, 'Female', 5);
INSERT INTO Voters VALUES (78, 'Lakshmi Ramesh', 88, 'Male', 6);
INSERT INTO Voters VALUES (79, 'Arun Rao', 55, 'Female', 7);
INSERT INTO Voters VALUES (80, 'Karthik Kumar', 83, 'Male', 8);
INSERT INTO Voters VALUES (81, 'Lakshmi Sharma', 65, 'Female', 9);
INSERT INTO Voters VALUES (82, 'Vikram Rao', 78, 'Male', 10);
INSERT INTO Voters VALUES (83, 'Arun Menon', 35, 'Female', 11);
INSERT INTO Voters VALUES (84, 'Lakshmi Pillai', 31, 'Male', 12);
INSERT INTO Voters VALUES (85, 'Vikram Rao', 70, 'Female', 13);
INSERT INTO Voters VALUES (86, 'Priya Iyer', 34, 'Male', 14);
INSERT INTO Voters VALUES (87, 'Lakshmi Pillai', 68, 'Female', 15);
INSERT INTO Voters VALUES (88, 'Deepa Nair', 69, 'Male', 16);
INSERT INTO Voters VALUES (89, 'Vikram Rao', 37, 'Female', 17);
INSERT INTO Voters VALUES (90, 'Priya Pillai', 56, 'Male', 18);
INSERT INTO Voters VALUES (91, 'Lakshmi Kumar', 48, 'Female', 19);
INSERT INTO Voters VALUES (92, 'Deepa Pillai', 90, 'Male', 20);
INSERT INTO Voters VALUES (93, 'Karthik Nair', 38, 'Female', 21);
INSERT INTO Voters VALUES (94, 'Lakshmi Iyer', 43, 'Male', 22);
INSERT INTO Voters VALUES (95, 'Arun Iyer', 73, 'Female', 23);
INSERT INTO Voters VALUES (96, 'Anjali Kumar', 66, 'Male', 24);
INSERT INTO Voters VALUES (97, 'Priya Menon', 24, 'Female', 1);
INSERT INTO Voters VALUES (98, 'Suresh Nair', 70, 'Male', 2);
INSERT INTO Voters VALUES (99, 'Anjali Menon', 77, 'Female', 3);
INSERT INTO Voters VALUES (100, 'Vikram Iyer', 31, 'Male', 4);
INSERT INTO Voters VALUES (101, 'Suresh Das', 89, 'Female', 5);
INSERT INTO Voters VALUES (102, 'Deepa Menon', 90, 'Male', 6);
INSERT INTO Voters VALUES (103, 'Vikram Kumar', 70, 'Female', 7);
INSERT INTO Voters VALUES (104, 'Priya Das', 66, 'Male', 8);
INSERT INTO Voters VALUES (105, 'Vikram Ramesh', 28, 'Female', 9);
INSERT INTO Voters VALUES (106, 'Lakshmi Iyer', 70, 'Male', 10);
INSERT INTO Voters VALUES (107, 'Priya Nair', 53, 'Female', 11);
INSERT INTO Voters VALUES (108, 'Vikram Menon', 59, 'Male', 12);
INSERT INTO Voters VALUES (109, 'Vikram Menon', 26, 'Female', 13);
INSERT INTO Voters VALUES (110, 'Suresh Ramesh', 41, 'Male', 14);
INSERT INTO Voters VALUES (111, 'Lakshmi Sharma', 37, 'Female', 15);
INSERT INTO Voters VALUES (112, 'Anjali Iyer', 34, 'Male', 16);
INSERT INTO Voters VALUES (113, 'Deepa Menon', 50, 'Female', 17);
INSERT INTO Voters VALUES (114, 'Karthik Nair', 90, 'Male', 18);
INSERT INTO Voters VALUES (115, 'Lakshmi Nair', 61, 'Female', 19);
INSERT INTO Voters VALUES (116, 'Vikram Varma', 48, 'Male', 20);
INSERT INTO Voters VALUES (117, 'Suresh Menon', 22, 'Female', 21);
INSERT INTO Voters VALUES (118, 'Karthik Iyer', 38, 'Male', 22);
INSERT INTO Voters VALUES (119, 'Arun Sharma', 31, 'Female', 23);
INSERT INTO Voters VALUES (120, 'Priya Sharma', 66, 'Male', 24);
INSERT INTO Voters VALUES (121, 'Suresh Nair', 33, 'Female', 1);
INSERT INTO Voters VALUES (122, 'Vikram Menon', 86, 'Male', 2);
INSERT INTO Voters VALUES (123, 'Karthik Kumar', 63, 'Female', 3);
INSERT INTO Voters VALUES (124, 'Lakshmi Rao', 47, 'Male', 4);
INSERT INTO Voters VALUES (125, 'Priya Varma', 34, 'Female', 5);
INSERT INTO Voters VALUES (126, 'Vikram Varma', 77, 'Male', 6);
INSERT INTO Voters VALUES (127, 'Vikram Das', 57, 'Female', 7);
INSERT INTO Voters VALUES (128, 'Lakshmi Sharma', 90, 'Male', 8);
INSERT INTO Voters VALUES (129, 'Suresh Varma', 60, 'Female', 9);
INSERT INTO Voters VALUES (130, 'Priya Iyer', 23, 'Male', 10);
INSERT INTO Voters VALUES (131, 'Priya Kumar', 59, 'Female', 11);
INSERT INTO Voters VALUES (132, 'Priya Das', 34, 'Male', 12);
INSERT INTO Voters VALUES (133, 'Lakshmi Das', 43, 'Female', 13);
INSERT INTO Voters VALUES (134, 'Rahul Kumar', 66, 'Male', 14);
INSERT INTO Voters VALUES (135, 'Deepa Menon', 28, 'Female', 15);
INSERT INTO Voters VALUES (136, 'Deepa Kumar', 87, 'Male', 16);
INSERT INTO Voters VALUES (137, 'Anjali Iyer', 51, 'Female', 17);
INSERT INTO Voters VALUES (138, 'Rahul Nair', 52, 'Male', 18);
INSERT INTO Voters VALUES (139, 'Vikram Nair', 65, 'Female', 19);
INSERT INTO Voters VALUES (140, 'Priya Sharma', 62, 'Male', 20);
INSERT INTO Voters VALUES (141, 'Divya Rao', 73, 'Female', 21);
INSERT INTO Voters VALUES (142, 'Suresh Rao', 79, 'Male', 22);
INSERT INTO Voters VALUES (143, 'Deepa Pillai', 35, 'Female', 23);
INSERT INTO Voters VALUES (144, 'Anjali Menon', 31, 'Male', 24);
INSERT INTO Voters VALUES (145, 'Priya Kumar', 28, 'Female', 1);
INSERT INTO Voters VALUES (146, 'Priya Sharma', 45, 'Male', 2);
INSERT INTO Voters VALUES (147, 'Karthik Pillai', 56, 'Female', 3);
INSERT INTO Voters VALUES (148, 'Arun Nair', 27, 'Male', 4);
INSERT INTO Voters VALUES (149, 'Deepa Menon', 44, 'Female', 5);
INSERT INTO Voters VALUES (150, 'Anjali Sharma', 67, 'Male', 6);
INSERT INTO Voters VALUES (151, 'Anjali Das', 39, 'Female', 7);
INSERT INTO Voters VALUES (152, 'Vikram Iyer', 51, 'Male', 8);
INSERT INTO Voters VALUES (153, 'Divya Pillai', 63, 'Female', 9);
INSERT INTO Voters VALUES (154, 'Priya Rao', 21, 'Male', 10);
INSERT INTO Voters VALUES (155, 'Karthik Ramesh', 75, 'Female', 11);
INSERT INTO Voters VALUES (156, 'Priya Menon', 46, 'Male', 12);
INSERT INTO Voters VALUES (157, 'Rahul Pillai', 82, 'Female', 13);
INSERT INTO Voters VALUES (158, 'Lakshmi Kumar', 51, 'Male', 14);
INSERT INTO Voters VALUES (159, 'Priya Ramesh', 82, 'Female', 15);
INSERT INTO Voters VALUES (160, 'Anjali Ramesh', 62, 'Male', 16);
INSERT INTO Voters VALUES (161, 'Divya Ramesh', 42, 'Female', 17);
INSERT INTO Voters VALUES (162, 'Karthik Rao', 53, 'Male', 18);
INSERT INTO Voters VALUES (163, 'Rahul Sharma', 90, 'Female', 19);
INSERT INTO Voters VALUES (164, 'Rahul Das', 78, 'Male', 20);
INSERT INTO Voters VALUES (165, 'Lakshmi Sharma', 51, 'Female', 21);
INSERT INTO Voters VALUES (166, 'Karthik Ramesh', 23, 'Male', 22);
INSERT INTO Voters VALUES (167, 'Rahul Kumar', 77, 'Female', 23);
INSERT INTO Voters VALUES (168, 'Suresh Nair', 80, 'Male', 24);
INSERT INTO Voters VALUES (169, 'Rahul Varma', 71, 'Female', 1);
INSERT INTO Voters VALUES (170, 'Divya Pillai', 83, 'Male', 2);
INSERT INTO Voters VALUES (171, 'Karthik Das', 44, 'Female', 3);
INSERT INTO Voters VALUES (172, 'Arun Sharma', 90, 'Male', 4);
INSERT INTO Voters VALUES (173, 'Vikram Menon', 77, 'Female', 5);
INSERT INTO Voters VALUES (174, 'Deepa Varma', 56, 'Male', 6);
INSERT INTO Voters VALUES (175, 'Deepa Sharma', 67, 'Female', 7);
INSERT INTO Voters VALUES (176, 'Rahul Varma', 24, 'Male', 8);
INSERT INTO Voters VALUES (177, 'Priya Varma', 51, 'Female', 9);
INSERT INTO Voters VALUES (178, 'Rahul Pillai', 56, 'Male', 10);
INSERT INTO Voters VALUES (179, 'Arun Nair', 55, 'Female', 11);
INSERT INTO Voters VALUES (180, 'Divya Menon', 23, 'Male', 12);
INSERT INTO Voters VALUES (181, 'Anjali Pillai', 74, 'Female', 13);
INSERT INTO Voters VALUES (182, 'Lakshmi Sharma', 40, 'Male', 14);
INSERT INTO Voters VALUES (183, 'Divya Iyer', 53, 'Female', 15);
INSERT INTO Voters VALUES (184, 'Suresh Iyer', 44, 'Male', 16);
INSERT INTO Voters VALUES (185, 'Lakshmi Varma', 64, 'Female', 17);
INSERT INTO Voters VALUES (186, 'Anjali Menon', 72, 'Male', 18);
INSERT INTO Voters VALUES (187, 'Lakshmi Sharma', 68, 'Female', 19);
INSERT INTO Voters VALUES (188, 'Anjali Menon', 56, 'Male', 20);
INSERT INTO Voters VALUES (189, 'Suresh Nair', 32, 'Female', 21);
INSERT INTO Voters VALUES (190, 'Lakshmi Nair', 74, 'Male', 22);
INSERT INTO Voters VALUES (191, 'Karthik Iyer', 80, 'Female', 23);
INSERT INTO Voters VALUES (192, 'Rahul Iyer', 48, 'Male', 24);
INSERT INTO Voters VALUES (193, 'Karthik Sharma', 70, 'Female', 1);
INSERT INTO Voters VALUES (194, 'Anjali Pillai', 48, 'Male', 2);
INSERT INTO Voters VALUES (195, 'Divya Menon', 38, 'Female', 3);
INSERT INTO Voters VALUES (196, 'Deepa Varma', 84, 'Male', 4);
INSERT INTO Voters VALUES (197, 'Divya Sharma', 61, 'Female', 5);
INSERT INTO Voters VALUES (198, 'Deepa Sharma', 74, 'Male', 6);
INSERT INTO Voters VALUES (199, 'Suresh Nair', 65, 'Female', 7);
INSERT INTO Voters VALUES (200, 'Vikram Rao', 54, 'Male', 8);
INSERT INTO Voters VALUES (201, 'Suresh Ramesh', 31, 'Female', 9);
INSERT INTO Voters VALUES (202, 'Rahul Kumar', 59, 'Male', 10);
INSERT INTO Voters VALUES (203, 'Deepa Rao', 26, 'Female', 11);
INSERT INTO Voters VALUES (204, 'Anjali Menon', 85, 'Male', 12);
INSERT INTO Voters VALUES (205, 'Anjali Rao', 81, 'Female', 13);
INSERT INTO Voters VALUES (206, 'Rahul Rao', 85, 'Male', 14);
INSERT INTO Voters VALUES (207, 'Anjali Iyer', 53, 'Female', 15);
INSERT INTO Voters VALUES (208, 'Divya Ramesh', 27, 'Male', 16);
INSERT INTO Voters VALUES (209, 'Rahul Iyer', 36, 'Female', 17);
INSERT INTO Voters VALUES (210, 'Deepa Kumar', 63, 'Male', 18);
INSERT INTO Voters VALUES (211, 'Suresh Varma', 79, 'Female', 19);
INSERT INTO Voters VALUES (212, 'Deepa Ramesh', 73, 'Male', 20);
INSERT INTO Voters VALUES (213, 'Anjali Menon', 49, 'Female', 21);
INSERT INTO Voters VALUES (214, 'Priya Iyer', 83, 'Male', 22);
INSERT INTO Voters VALUES (215, 'Vikram Nair', 28, 'Female', 23);
INSERT INTO Voters VALUES (216, 'Lakshmi Das', 44, 'Male', 24);
INSERT INTO Voters VALUES (217, 'Priya Varma', 65, 'Female', 1);
INSERT INTO Voters VALUES (218, 'Lakshmi Ramesh', 59, 'Male', 2);
INSERT INTO Voters VALUES (219, 'Suresh Das', 53, 'Female', 3);
INSERT INTO Voters VALUES (220, 'Divya Pillai', 20, 'Male', 4);
INSERT INTO Voters VALUES (221, 'Vikram Ramesh', 49, 'Female', 5);
INSERT INTO Voters VALUES (222, 'Anjali Nair', 53, 'Male', 6);
INSERT INTO Voters VALUES (223, 'Deepa Nair', 55, 'Female', 7);
INSERT INTO Voters VALUES (224, 'Anjali Rao', 70, 'Male', 8);
INSERT INTO Voters VALUES (225, 'Suresh Pillai', 50, 'Female', 9);
INSERT INTO Voters VALUES (226, 'Rahul Rao', 67, 'Male', 10);
INSERT INTO Voters VALUES (227, 'Suresh Ramesh', 71, 'Female', 11);
INSERT INTO Voters VALUES (228, 'Rahul Rao', 64, 'Male', 12);
INSERT INTO Voters VALUES (229, 'Anjali Sharma', 30, 'Female', 13);
INSERT INTO Voters VALUES (230, 'Vikram Pillai', 90, 'Male', 14);
INSERT INTO Voters VALUES (231, 'Anjali Das', 34, 'Female', 15);
INSERT INTO Voters VALUES (232, 'Anjali Rao', 83, 'Male', 16);
INSERT INTO Voters VALUES (233, 'Rahul Iyer', 71, 'Female', 17);
INSERT INTO Voters VALUES (234, 'Arun Sharma', 74, 'Male', 18);
INSERT INTO Voters VALUES (235, 'Priya Pillai', 36, 'Female', 19);
INSERT INTO Voters VALUES (236, 'Priya Ramesh', 70, 'Male', 20);
INSERT INTO Voters VALUES (237, 'Arun Iyer', 32, 'Female', 21);
INSERT INTO Voters VALUES (238, 'Lakshmi Rao', 19, 'Male', 22);
INSERT INTO Voters VALUES (239, 'Deepa Menon', 54, 'Female', 23);
INSERT INTO Voters VALUES (240, 'Lakshmi Ramesh', 22, 'Male', 24);
INSERT INTO Voters VALUES (241, 'Deepa Kumar', 28, 'Female', 1);
INSERT INTO Voters VALUES (242, 'Divya Pillai', 83, 'Male', 2);
INSERT INTO Voters VALUES (243, 'Vikram Varma', 44, 'Female', 3);
INSERT INTO Voters VALUES (244, 'Deepa Menon', 61, 'Male', 4);
INSERT INTO Voters VALUES (245, 'Deepa Ramesh', 82, 'Female', 5);
INSERT INTO Voters VALUES (246, 'Anjali Pillai', 53, 'Male', 6);
INSERT INTO Voters VALUES (247, 'Vikram Das', 82, 'Female', 7);
INSERT INTO Voters VALUES (248, 'Suresh Nair', 36, 'Male', 8);
INSERT INTO Voters VALUES (249, 'Suresh Rao', 37, 'Female', 9);
INSERT INTO Voters VALUES (250, 'Vikram Pillai', 90, 'Male', 10);
INSERT INTO Voters VALUES (251, 'Suresh Pillai', 50, 'Female', 11);
INSERT INTO Voters VALUES (252, 'Lakshmi Das', 54, 'Male', 12);
INSERT INTO Voters VALUES (253, 'Anjali Varma', 41, 'Female', 13);
INSERT INTO Voters VALUES (254, 'Divya Das', 57, 'Male', 14);
INSERT INTO Voters VALUES (255, 'Vikram Ramesh', 48, 'Female', 15);
INSERT INTO Voters VALUES (256, 'Priya Kumar', 34, 'Male', 16);
INSERT INTO Voters VALUES (257, 'Priya Varma', 21, 'Female', 17);
INSERT INTO Voters VALUES (258, 'Priya Ramesh', 27, 'Male', 18);
INSERT INTO Voters VALUES (259, 'Lakshmi Kumar', 23, 'Female', 19);
INSERT INTO Voters VALUES (260, 'Rahul Rao', 31, 'Male', 20);
INSERT INTO Voters VALUES (261, 'Anjali Iyer', 53, 'Female', 21);
INSERT INTO Voters VALUES (262, 'Rahul Iyer', 31, 'Male', 22);
INSERT INTO Voters VALUES (263, 'Anjali Sharma', 34, 'Female', 23);
INSERT INTO Voters VALUES (264, 'Vikram Ramesh', 26, 'Male', 24);
INSERT INTO Voters VALUES (265, 'Lakshmi Iyer', 61, 'Female', 1);
INSERT INTO Voters VALUES (266, 'Priya Iyer', 39, 'Male', 2);
INSERT INTO Voters VALUES (267, 'Divya Varma', 37, 'Female', 3);
INSERT INTO Voters VALUES (268, 'Anjali Varma', 87, 'Male', 4);
INSERT INTO Voters VALUES (269, 'Divya Kumar', 72, 'Female', 5);
INSERT INTO Voters VALUES (270, 'Priya Rao', 28, 'Male', 6);
INSERT INTO Voters VALUES (271, 'Karthik Das', 71, 'Female', 7);
INSERT INTO Voters VALUES (272, 'Suresh Pillai', 85, 'Male', 8);
INSERT INTO Voters VALUES (273, 'Vikram Iyer', 56, 'Female', 9);
INSERT INTO Voters VALUES (274, 'Priya Menon', 51, 'Male', 10);
INSERT INTO Voters VALUES (275, 'Divya Varma', 49, 'Female', 11);
INSERT INTO Voters VALUES (276, 'Arun Ramesh', 88, 'Male', 12);
INSERT INTO Voters VALUES (277, 'Arun Kumar', 55, 'Female', 13);
INSERT INTO Voters VALUES (278, 'Deepa Kumar', 40, 'Male', 14);
INSERT INTO Voters VALUES (279, 'Arun Ramesh', 81, 'Female', 15);
INSERT INTO Voters VALUES (280, 'Karthik Iyer', 57, 'Male', 16);
INSERT INTO Voters VALUES (281, 'Divya Nair', 46, 'Female', 17);
INSERT INTO Voters VALUES (282, 'Suresh Varma', 47, 'Male', 18);
INSERT INTO Voters VALUES (283, 'Lakshmi Menon', 23, 'Female', 19);
INSERT INTO Voters VALUES (284, 'Vikram Sharma', 50, 'Male', 20);
INSERT INTO Voters VALUES (285, 'Priya Rao', 19, 'Female', 21);
INSERT INTO Voters VALUES (286, 'Arun Iyer', 26, 'Male', 22);
INSERT INTO Voters VALUES (287, 'Divya Nair', 81, 'Female', 23);
INSERT INTO Voters VALUES (288, 'Vikram Sharma', 69, 'Male', 24);
INSERT INTO Voters VALUES (289, 'Priya Menon', 46, 'Female', 1);
INSERT INTO Voters VALUES (290, 'Priya Kumar', 46, 'Male', 2);
INSERT INTO Voters VALUES (291, 'Anjali Ramesh', 31, 'Female', 3);
INSERT INTO Voters VALUES (292, 'Divya Nair', 51, 'Male', 4);
INSERT INTO Voters VALUES (293, 'Divya Kumar', 72, 'Female', 5);
INSERT INTO Voters VALUES (294, 'Deepa Iyer', 29, 'Male', 6);
INSERT INTO Voters VALUES (295, 'Lakshmi Das', 60, 'Female', 7);
INSERT INTO Voters VALUES (296, 'Lakshmi Ramesh', 42, 'Male', 8);
INSERT INTO Voters VALUES (297, 'Karthik Ramesh', 19, 'Female', 9);
INSERT INTO Voters VALUES (298, 'Suresh Rao', 33, 'Male', 10);
INSERT INTO Voters VALUES (299, 'Vikram Pillai', 34, 'Female', 11);
INSERT INTO Voters VALUES (300, 'Karthik Ramesh', 30, 'Male', 12);
INSERT INTO Voters VALUES (301, 'Divya Iyer', 60, 'Female', 13);
INSERT INTO Voters VALUES (302, 'Vikram Rao', 87, 'Male', 14);
INSERT INTO Voters VALUES (303, 'Lakshmi Ramesh', 81, 'Female', 15);
INSERT INTO Voters VALUES (304, 'Divya Menon', 71, 'Male', 16);
INSERT INTO Voters VALUES (305, 'Lakshmi Rao', 22, 'Female', 17);
INSERT INTO Voters VALUES (306, 'Karthik Varma', 65, 'Male', 18);
INSERT INTO Voters VALUES (307, 'Deepa Pillai', 84, 'Female', 19);
INSERT INTO Voters VALUES (308, 'Rahul Kumar', 22, 'Male', 20);
INSERT INTO Voters VALUES (309, 'Rahul Iyer', 61, 'Female', 21);
INSERT INTO Voters VALUES (310, 'Priya Nair', 36, 'Male', 22);
INSERT INTO Voters VALUES (311, 'Vikram Varma', 19, 'Female', 23);
INSERT INTO Voters VALUES (312, 'Arun Sharma', 27, 'Male', 24);
INSERT INTO Voters VALUES (313, 'Karthik Das', 19, 'Female', 1);
INSERT INTO Voters VALUES (314, 'Anjali Iyer', 66, 'Male', 2);
INSERT INTO Voters VALUES (315, 'Arun Iyer', 56, 'Female', 3);
INSERT INTO Voters VALUES (316, 'Arun Ramesh', 41, 'Male', 4);
INSERT INTO Voters VALUES (317, 'Vikram Varma', 52, 'Female', 5);
INSERT INTO Voters VALUES (318, 'Rahul Sharma', 56, 'Male', 6);
INSERT INTO Voters VALUES (319, 'Karthik Kumar', 71, 'Female', 7);
INSERT INTO Voters VALUES (320, 'Vikram Kumar', 23, 'Male', 8);
INSERT INTO Voters VALUES (321, 'Arun Sharma', 22, 'Female', 9);
INSERT INTO Voters VALUES (322, 'Arun Pillai', 52, 'Male', 10);
INSERT INTO Voters VALUES (323, 'Arun Iyer', 50, 'Female', 11);
INSERT INTO Voters VALUES (324, 'Deepa Sharma', 33, 'Male', 12);
INSERT INTO Voters VALUES (325, 'Divya Sharma', 61, 'Female', 13);
INSERT INTO Voters VALUES (326, 'Suresh Menon', 57, 'Male', 14);
INSERT INTO Voters VALUES (327, 'Deepa Sharma', 37, 'Female', 15);
INSERT INTO Voters VALUES (328, 'Anjali Varma', 43, 'Male', 16);
INSERT INTO Voters VALUES (329, 'Arun Pillai', 19, 'Female', 17);
INSERT INTO Voters VALUES (330, 'Vikram Sharma', 83, 'Male', 18);
INSERT INTO Voters VALUES (331, 'Divya Ramesh', 61, 'Female', 19);
INSERT INTO Voters VALUES (332, 'Rahul Sharma', 57, 'Male', 20);
INSERT INTO Voters VALUES (333, 'Vikram Das', 34, 'Female', 21);
INSERT INTO Voters VALUES (334, 'Divya Sharma', 35, 'Male', 22);
INSERT INTO Voters VALUES (335, 'Lakshmi Pillai', 85, 'Female', 23);
INSERT INTO Voters VALUES (336, 'Deepa Ramesh', 66, 'Male', 24);
INSERT INTO Voters VALUES (337, 'Lakshmi Rao', 29, 'Female', 1);
INSERT INTO Voters VALUES (338, 'Priya Nair', 44, 'Male', 2);
INSERT INTO Voters VALUES (339, 'Anjali Das', 81, 'Female', 3);
INSERT INTO Voters VALUES (340, 'Vikram Ramesh', 75, 'Male', 4);
INSERT INTO Voters VALUES (341, 'Vikram Ramesh', 69, 'Female', 5);
INSERT INTO Voters VALUES (342, 'Anjali Iyer', 53, 'Male', 6);
INSERT INTO Voters VALUES (343, 'Deepa Sharma', 65, 'Female', 7);
INSERT INTO Voters VALUES (344, 'Priya Iyer', 84, 'Male', 8);
INSERT INTO Voters VALUES (345, 'Deepa Das', 50, 'Female', 9);
INSERT INTO Voters VALUES (346, 'Vikram Menon', 29, 'Male', 10);
INSERT INTO Voters VALUES (347, 'Karthik Pillai', 85, 'Female', 11);
INSERT INTO Voters VALUES (348, 'Anjali Varma', 47, 'Male', 12);
INSERT INTO Voters VALUES (349, 'Priya Nair', 18, 'Female', 13);
INSERT INTO Voters VALUES (350, 'Suresh Sharma', 42, 'Male', 14);
INSERT INTO Voters VALUES (351, 'Rahul Rao', 32, 'Female', 15);
INSERT INTO Voters VALUES (352, 'Divya Rao', 81, 'Male', 16);
INSERT INTO Voters VALUES (353, 'Priya Sharma', 58, 'Female', 17);
INSERT INTO Voters VALUES (354, 'Rahul Sharma', 80, 'Male', 18);
INSERT INTO Voters VALUES (355, 'Karthik Ramesh', 55, 'Female', 19);
INSERT INTO Voters VALUES (356, 'Suresh Nair', 74, 'Male', 20);
INSERT INTO Voters VALUES (357, 'Karthik Menon', 54, 'Female', 21);
INSERT INTO Voters VALUES (358, 'Suresh Rao', 81, 'Male', 22);
INSERT INTO Voters VALUES (359, 'Divya Iyer', 50, 'Female', 23);
INSERT INTO Voters VALUES (360, 'Divya Kumar', 20, 'Male', 24);
INSERT INTO Voters VALUES (361, 'Deepa Varma', 83, 'Female', 1);
INSERT INTO Voters VALUES (362, 'Deepa Sharma', 79, 'Male', 2);
INSERT INTO Voters VALUES (363, 'Deepa Nair', 29, 'Female', 3);
INSERT INTO Voters VALUES (364, 'Anjali Kumar', 22, 'Male', 4);
INSERT INTO Voters VALUES (365, 'Vikram Iyer', 61, 'Female', 5);
INSERT INTO Voters VALUES (366, 'Vikram Pillai', 40, 'Male', 6);
INSERT INTO Voters VALUES (367, 'Lakshmi Ramesh', 69, 'Female', 7);
INSERT INTO Voters VALUES (368, 'Karthik Iyer', 58, 'Male', 8);
INSERT INTO Voters VALUES (369, 'Priya Nair', 45, 'Female', 9);
INSERT INTO Voters VALUES (370, 'Arun Nair', 43, 'Male', 10);
INSERT INTO Voters VALUES (371, 'Vikram Varma', 49, 'Female', 11);
INSERT INTO Voters VALUES (372, 'Lakshmi Ramesh', 80, 'Male', 12);
INSERT INTO Voters VALUES (373, 'Anjali Pillai', 70, 'Female', 13);
INSERT INTO Voters VALUES (374, 'Deepa Menon', 34, 'Male', 14);
INSERT INTO Voters VALUES (375, 'Priya Sharma', 88, 'Female', 15);
INSERT INTO Voters VALUES (376, 'Anjali Ramesh', 31, 'Male', 16);
INSERT INTO Voters VALUES (377, 'Karthik Sharma', 75, 'Female', 17);
INSERT INTO Voters VALUES (378, 'Priya Pillai', 48, 'Male', 18);
INSERT INTO Voters VALUES (379, 'Arun Das', 47, 'Female', 19);
INSERT INTO Voters VALUES (380, 'Priya Varma', 77, 'Male', 20);
INSERT INTO Voters VALUES (381, 'Arun Nair', 50, 'Female', 21);
INSERT INTO Voters VALUES (382, 'Anjali Nair', 40, 'Male', 22);
INSERT INTO Voters VALUES (383, 'Vikram Pillai', 74, 'Female', 23);
INSERT INTO Voters VALUES (384, 'Vikram Ramesh', 19, 'Male', 24);
INSERT INTO Voters VALUES (385, 'Suresh Iyer', 76, 'Female', 1);
INSERT INTO Voters VALUES (386, 'Priya Nair', 41, 'Male', 2);
INSERT INTO Voters VALUES (387, 'Priya Nair', 62, 'Female', 3);
INSERT INTO Voters VALUES (388, 'Lakshmi Iyer', 77, 'Male', 4);
INSERT INTO Voters VALUES (389, 'Deepa Sharma', 35, 'Female', 5);
INSERT INTO Voters VALUES (390, 'Rahul Nair', 87, 'Male', 6);
INSERT INTO Voters VALUES (391, 'Rahul Pillai', 39, 'Female', 7);
INSERT INTO Voters VALUES (392, 'Karthik Das', 37, 'Male', 8);
INSERT INTO Voters VALUES (393, 'Vikram Varma', 56, 'Female', 9);
INSERT INTO Voters VALUES (394, 'Anjali Ramesh', 50, 'Male', 10);
INSERT INTO Voters VALUES (395, 'Karthik Menon', 72, 'Female', 11);
INSERT INTO Voters VALUES (396, 'Deepa Kumar', 80, 'Male', 12);
INSERT INTO Voters VALUES (397, 'Rahul Kumar', 64, 'Female', 13);
INSERT INTO Voters VALUES (398, 'Rahul Sharma', 28, 'Male', 14);
INSERT INTO Voters VALUES (399, 'Rahul Sharma', 89, 'Female', 15);
INSERT INTO Voters VALUES (400, 'Rahul Nair', 55, 'Male', 16);
INSERT INTO Voters VALUES (401, 'Karthik Sharma', 78, 'Female', 17);
INSERT INTO Voters VALUES (402, 'Arun Rao', 72, 'Male', 18);
INSERT INTO Voters VALUES (403, 'Priya Kumar', 71, 'Female', 19);
INSERT INTO Voters VALUES (404, 'Anjali Nair', 26, 'Male', 20);
INSERT INTO Voters VALUES (405, 'Divya Iyer', 90, 'Female', 21);
INSERT INTO Voters VALUES (406, 'Karthik Pillai', 51, 'Male', 22);
INSERT INTO Voters VALUES (407, 'Lakshmi Das', 82, 'Female', 23);
INSERT INTO Voters VALUES (408, 'Anjali Varma', 64, 'Male', 24);
INSERT INTO Voters VALUES (409, 'Anjali Varma', 18, 'Female', 1);
INSERT INTO Voters VALUES (410, 'Deepa Pillai', 67, 'Male', 2);
INSERT INTO Voters VALUES (411, 'Suresh Pillai', 18, 'Female', 3);
INSERT INTO Voters VALUES (412, 'Lakshmi Ramesh', 64, 'Male', 4);
INSERT INTO Voters VALUES (413, 'Vikram Iyer', 61, 'Female', 5);
INSERT INTO Voters VALUES (414, 'Deepa Rao', 90, 'Male', 6);
INSERT INTO Voters VALUES (415, 'Vikram Rao', 90, 'Female', 7);
INSERT INTO Voters VALUES (416, 'Arun Kumar', 24, 'Male', 8);
INSERT INTO Voters VALUES (417, 'Divya Sharma', 77, 'Female', 9);
INSERT INTO Voters VALUES (418, 'Anjali Ramesh', 49, 'Male', 10);
INSERT INTO Voters VALUES (419, 'Priya Nair', 50, 'Female', 11);
INSERT INTO Voters VALUES (420, 'Anjali Pillai', 84, 'Male', 12);
INSERT INTO Voters VALUES (421, 'Arun Varma', 43, 'Female', 13);
INSERT INTO Voters VALUES (422, 'Anjali Kumar', 67, 'Male', 14);
INSERT INTO Voters VALUES (423, 'Lakshmi Varma', 36, 'Female', 15);
INSERT INTO Voters VALUES (424, 'Arun Pillai', 43, 'Male', 16);
INSERT INTO Voters VALUES (425, 'Rahul Varma', 29, 'Female', 17);
INSERT INTO Voters VALUES (426, 'Karthik Pillai', 86, 'Male', 18);
INSERT INTO Voters VALUES (427, 'Deepa Kumar', 63, 'Female', 19);
INSERT INTO Voters VALUES (428, 'Lakshmi Nair', 83, 'Male', 20);
INSERT INTO Voters VALUES (429, 'Arun Nair', 66, 'Female', 21);
INSERT INTO Voters VALUES (430, 'Suresh Rao', 43, 'Male', 22);
INSERT INTO Voters VALUES (431, 'Divya Nair', 37, 'Female', 23);
INSERT INTO Voters VALUES (432, 'Anjali Menon', 88, 'Male', 24);
INSERT INTO Voters VALUES (433, 'Divya Rao', 55, 'Female', 1);
INSERT INTO Voters VALUES (434, 'Priya Sharma', 90, 'Male', 2);
INSERT INTO Voters VALUES (435, 'Divya Nair', 38, 'Female', 3);
INSERT INTO Voters VALUES (436, 'Suresh Iyer', 21, 'Male', 4);
INSERT INTO Voters VALUES (437, 'Priya Ramesh', 82, 'Female', 5);
INSERT INTO Voters VALUES (438, 'Rahul Rao', 67, 'Male', 6);
INSERT INTO Voters VALUES (439, 'Karthik Ramesh', 81, 'Female', 7);
INSERT INTO Voters VALUES (440, 'Karthik Nair', 76, 'Male', 8);
INSERT INTO Voters VALUES (441, 'Priya Menon', 80, 'Female', 9);
INSERT INTO Voters VALUES (442, 'Deepa Menon', 62, 'Male', 10);
INSERT INTO Voters VALUES (443, 'Divya Iyer', 58, 'Female', 11);
INSERT INTO Voters VALUES (444, 'Karthik Varma', 57, 'Male', 12);
INSERT INTO Voters VALUES (445, 'Suresh Varma', 26, 'Female', 13);
INSERT INTO Voters VALUES (446, 'Rahul Kumar', 77, 'Male', 14);
INSERT INTO Voters VALUES (447, 'Karthik Nair', 73, 'Female', 15);
INSERT INTO Voters VALUES (448, 'Karthik Rao', 63, 'Male', 16);
INSERT INTO Voters VALUES (449, 'Karthik Das', 84, 'Female', 17);
INSERT INTO Voters VALUES (450, 'Suresh Kumar', 18, 'Male', 18);
INSERT INTO Voters VALUES (451, 'Arun Menon', 79, 'Female', 19);
INSERT INTO Voters VALUES (452, 'Rahul Varma', 24, 'Male', 20);
INSERT INTO Voters VALUES (453, 'Anjali Sharma', 45, 'Female', 21);
INSERT INTO Voters VALUES (454, 'Karthik Das', 87, 'Male', 22);
INSERT INTO Voters VALUES (455, 'Rahul Nair', 20, 'Female', 23);
INSERT INTO Voters VALUES (456, 'Lakshmi Kumar', 57, 'Male', 24);
INSERT INTO Voters VALUES (457, 'Vikram Menon', 34, 'Female', 1);
INSERT INTO Voters VALUES (458, 'Arun Nair', 44, 'Male', 2);
INSERT INTO Voters VALUES (459, 'Deepa Ramesh', 34, 'Female', 3);
INSERT INTO Voters VALUES (460, 'Divya Sharma', 81, 'Male', 4);
INSERT INTO Voters VALUES (461, 'Karthik Iyer', 66, 'Female', 5);
INSERT INTO Voters VALUES (462, 'Priya Pillai', 71, 'Male', 6);
INSERT INTO Voters VALUES (463, 'Vikram Sharma', 89, 'Female', 7);
INSERT INTO Voters VALUES (464, 'Priya Varma', 85, 'Male', 8);
INSERT INTO Voters VALUES (465, 'Rahul Kumar', 50, 'Female', 9);
INSERT INTO Voters VALUES (466, 'Karthik Rao', 60, 'Male', 10);
INSERT INTO Voters VALUES (467, 'Lakshmi Iyer', 52, 'Female', 11);
INSERT INTO Voters VALUES (468, 'Deepa Pillai', 35, 'Male', 12);
INSERT INTO Voters VALUES (469, 'Arun Ramesh', 46, 'Female', 13);
INSERT INTO Voters VALUES (470, 'Rahul Varma', 68, 'Male', 14);
INSERT INTO Voters VALUES (471, 'Suresh Rao', 38, 'Female', 15);
INSERT INTO Voters VALUES (472, 'Anjali Nair', 31, 'Male', 16);
INSERT INTO Voters VALUES (473, 'Priya Ramesh', 19, 'Female', 17);
INSERT INTO Voters VALUES (474, 'Lakshmi Sharma', 43, 'Male', 18);
INSERT INTO Voters VALUES (475, 'Deepa Ramesh', 90, 'Female', 19);
INSERT INTO Voters VALUES (476, 'Deepa Kumar', 79, 'Male', 20);
INSERT INTO Voters VALUES (477, 'Rahul Rao', 45, 'Female', 21);
INSERT INTO Voters VALUES (478, 'Suresh Menon', 23, 'Male', 22);
INSERT INTO Voters VALUES (479, 'Arun Nair', 21, 'Female', 23);
INSERT INTO Voters VALUES (480, 'Vikram Pillai', 21, 'Male', 24);
INSERT INTO Voters VALUES (481, 'Vikram Kumar', 82, 'Female', 1);
INSERT INTO Voters VALUES (482, 'Lakshmi Iyer', 38, 'Male', 2);
INSERT INTO Voters VALUES (483, 'Anjali Das', 74, 'Female', 3);
INSERT INTO Voters VALUES (484, 'Vikram Varma', 50, 'Male', 4);
INSERT INTO Voters VALUES (485, 'Divya Kumar', 38, 'Female', 5);
INSERT INTO Voters VALUES (486, 'Anjali Das', 40, 'Male', 6);
INSERT INTO Voters VALUES (487, 'Lakshmi Kumar', 65, 'Female', 7);
INSERT INTO Voters VALUES (488, 'Rahul Das', 79, 'Male', 8);
INSERT INTO Voters VALUES (489, 'Anjali Varma', 66, 'Female', 9);
INSERT INTO Voters VALUES (490, 'Rahul Nair', 55, 'Male', 10);
INSERT INTO Voters VALUES (491, 'Divya Sharma', 84, 'Female', 11);
INSERT INTO Voters VALUES (492, 'Rahul Kumar', 18, 'Male', 12);
INSERT INTO Voters VALUES (493, 'Priya Pillai', 40, 'Female', 13);
INSERT INTO Voters VALUES (494, 'Deepa Nair', 62, 'Male', 14);
INSERT INTO Voters VALUES (495, 'Priya Varma', 35, 'Female', 15);
INSERT INTO Voters VALUES (496, 'Karthik Rao', 33, 'Male', 16);
INSERT INTO Voters VALUES (497, 'Suresh Menon', 48, 'Female', 17);
INSERT INTO Voters VALUES (498, 'Anjali Menon', 68, 'Male', 18);
INSERT INTO Voters VALUES (499, 'Divya Nair', 33, 'Female', 19);
INSERT INTO Voters VALUES (500, 'Rahul Iyer', 18, 'Male', 20);
INSERT INTO Voters VALUES (501, 'Anjali Iyer', 56, 'Female', 21);
INSERT INTO Voters VALUES (502, 'Vikram Das', 59, 'Male', 22);
INSERT INTO Voters VALUES (503, 'Arun Kumar', 66, 'Female', 23);
INSERT INTO Voters VALUES (504, 'Anjali Varma', 78, 'Male', 24);
INSERT INTO Voters VALUES (505, 'Vikram Menon', 88, 'Female', 1);
INSERT INTO Voters VALUES (506, 'Karthik Nair', 39, 'Male', 2);
INSERT INTO Voters VALUES (507, 'Anjali Rao', 32, 'Female', 3);
INSERT INTO Voters VALUES (508, 'Vikram Rao', 64, 'Male', 4);
INSERT INTO Voters VALUES (509, 'Divya Sharma', 47, 'Female', 5);
INSERT INTO Voters VALUES (510, 'Arun Ramesh', 87, 'Male', 6);
INSERT INTO Voters VALUES (511, 'Divya Das', 63, 'Female', 7);
INSERT INTO Voters VALUES (512, 'Deepa Iyer', 47, 'Male', 8);
INSERT INTO Voters VALUES (513, 'Suresh Kumar', 27, 'Female', 9);
INSERT INTO Voters VALUES (514, 'Lakshmi Sharma', 32, 'Male', 10);
INSERT INTO Voters VALUES (515, 'Priya Varma', 88, 'Female', 11);
INSERT INTO Voters VALUES (516, 'Anjali Iyer', 23, 'Male', 12);
INSERT INTO Voters VALUES (517, 'Deepa Rao', 74, 'Female', 13);
INSERT INTO Voters VALUES (518, 'Karthik Menon', 25, 'Male', 14);
INSERT INTO Voters VALUES (519, 'Lakshmi Menon', 73, 'Female', 15);
INSERT INTO Voters VALUES (520, 'Arun Ramesh', 75, 'Male', 16);
INSERT INTO Voters VALUES (521, 'Divya Kumar', 75, 'Female', 17);
INSERT INTO Voters VALUES (522, 'Vikram Ramesh', 38, 'Male', 18);
INSERT INTO Voters VALUES (523, 'Vikram Iyer', 87, 'Female', 19);
INSERT INTO Voters VALUES (524, 'Divya Menon', 39, 'Male', 20);
INSERT INTO Voters VALUES (525, 'Divya Pillai', 54, 'Female', 21);
INSERT INTO Voters VALUES (526, 'Vikram Kumar', 53, 'Male', 22);
INSERT INTO Voters VALUES (527, 'Arun Nair', 27, 'Female', 23);
INSERT INTO Voters VALUES (528, 'Anjali Ramesh', 86, 'Male', 24);
INSERT INTO Voters VALUES (529, 'Priya Varma', 29, 'Female', 1);
INSERT INTO Voters VALUES (530, 'Rahul Rao', 67, 'Male', 2);
INSERT INTO Voters VALUES (531, 'Karthik Nair', 64, 'Female', 3);
INSERT INTO Voters VALUES (532, 'Vikram Menon', 33, 'Male', 4);
INSERT INTO Voters VALUES (533, 'Rahul Menon', 81, 'Female', 5);
INSERT INTO Voters VALUES (534, 'Suresh Pillai', 32, 'Male', 6);
INSERT INTO Voters VALUES (535, 'Vikram Ramesh', 87, 'Female', 7);
INSERT INTO Voters VALUES (536, 'Arun Pillai', 89, 'Male', 8);
INSERT INTO Voters VALUES (537, 'Priya Menon', 65, 'Female', 9);
INSERT INTO Voters VALUES (538, 'Karthik Rao', 62, 'Male', 10);
INSERT INTO Voters VALUES (539, 'Divya Kumar', 34, 'Female', 11);
INSERT INTO Voters VALUES (540, 'Priya Varma', 30, 'Male', 12);
INSERT INTO Voters VALUES (541, 'Rahul Varma', 77, 'Female', 13);
INSERT INTO Voters VALUES (542, 'Suresh Das', 43, 'Male', 14);
INSERT INTO Voters VALUES (543, 'Lakshmi Pillai', 45, 'Female', 15);
INSERT INTO Voters VALUES (544, 'Anjali Rao', 32, 'Male', 16);
INSERT INTO Voters VALUES (545, 'Priya Kumar', 24, 'Female', 17);
INSERT INTO Voters VALUES (546, 'Lakshmi Kumar', 76, 'Male', 18);
INSERT INTO Voters VALUES (547, 'Divya Varma', 82, 'Female', 19);
INSERT INTO Voters VALUES (548, 'Vikram Das', 40, 'Male', 20);
INSERT INTO Voters VALUES (549, 'Lakshmi Sharma', 85, 'Female', 21);
INSERT INTO Voters VALUES (550, 'Suresh Menon', 33, 'Male', 22);
INSERT INTO Voters VALUES (551, 'Rahul Varma', 19, 'Female', 23);
INSERT INTO Voters VALUES (552, 'Suresh Menon', 88, 'Male', 24);
INSERT INTO Voters VALUES (553, 'Deepa Kumar', 19, 'Female', 1);
INSERT INTO Voters VALUES (554, 'Divya Sharma', 36, 'Male', 2);
INSERT INTO Voters VALUES (555, 'Deepa Iyer', 24, 'Female', 3);
INSERT INTO Voters VALUES (556, 'Vikram Nair', 70, 'Male', 4);
INSERT INTO Voters VALUES (557, 'Vikram Kumar', 37, 'Female', 5);
INSERT INTO Voters VALUES (558, 'Vikram Iyer', 18, 'Male', 6);
INSERT INTO Voters VALUES (559, 'Anjali Nair', 45, 'Female', 7);
INSERT INTO Voters VALUES (560, 'Deepa Menon', 88, 'Male', 8);
INSERT INTO Voters VALUES (561, 'Divya Das', 66, 'Female', 9);
INSERT INTO Voters VALUES (562, 'Priya Pillai', 63, 'Male', 10);
INSERT INTO Voters VALUES (563, 'Rahul Pillai', 19, 'Female', 11);
INSERT INTO Voters VALUES (564, 'Suresh Kumar', 61, 'Male', 12);
INSERT INTO Voters VALUES (565, 'Lakshmi Kumar', 27, 'Female', 13);
INSERT INTO Voters VALUES (566, 'Suresh Sharma', 38, 'Male', 14);
INSERT INTO Voters VALUES (567, 'Vikram Menon', 46, 'Female', 15);
INSERT INTO Voters VALUES (568, 'Karthik Das', 65, 'Male', 16);
INSERT INTO Voters VALUES (569, 'Priya Ramesh', 55, 'Female', 17);
INSERT INTO Voters VALUES (570, 'Lakshmi Rao', 53, 'Male', 18);
INSERT INTO Voters VALUES (571, 'Suresh Menon', 48, 'Female', 19);
INSERT INTO Voters VALUES (572, 'Rahul Ramesh', 88, 'Male', 20);
INSERT INTO Voters VALUES (573, 'Karthik Pillai', 56, 'Female', 21);
INSERT INTO Voters VALUES (574, 'Lakshmi Iyer', 44, 'Male', 22);
INSERT INTO Voters VALUES (575, 'Lakshmi Nair', 79, 'Female', 23);
INSERT INTO Voters VALUES (576, 'Rahul Sharma', 24, 'Male', 24);
INSERT INTO Voters VALUES (577, 'Divya Sharma', 33, 'Female', 1);
INSERT INTO Voters VALUES (578, 'Lakshmi Pillai', 87, 'Male', 2);
INSERT INTO Voters VALUES (579, 'Anjali Rao', 90, 'Female', 3);
INSERT INTO Voters VALUES (580, 'Priya Pillai', 75, 'Male', 4);
INSERT INTO Voters VALUES (581, 'Arun Pillai', 29, 'Female', 5);
INSERT INTO Voters VALUES (582, 'Priya Sharma', 45, 'Male', 6);
INSERT INTO Voters VALUES (583, 'Vikram Rao', 86, 'Female', 7);
INSERT INTO Voters VALUES (584, 'Deepa Kumar', 73, 'Male', 8);
INSERT INTO Voters VALUES (585, 'Vikram Iyer', 89, 'Female', 9);
INSERT INTO Voters VALUES (586, 'Lakshmi Nair', 85, 'Male', 10);
INSERT INTO Voters VALUES (587, 'Deepa Menon', 83, 'Female', 11);
INSERT INTO Voters VALUES (588, 'Vikram Kumar', 20, 'Male', 12);
INSERT INTO Voters VALUES (589, 'Lakshmi Varma', 45, 'Female', 13);
INSERT INTO Voters VALUES (590, 'Anjali Pillai', 33, 'Male', 14);
INSERT INTO Voters VALUES (591, 'Vikram Pillai', 47, 'Female', 15);
INSERT INTO Voters VALUES (592, 'Vikram Sharma', 81, 'Male', 16);
INSERT INTO Voters VALUES (593, 'Divya Pillai', 85, 'Female', 17);
INSERT INTO Voters VALUES (594, 'Arun Rao', 76, 'Male', 18);
INSERT INTO Voters VALUES (595, 'Vikram Varma', 67, 'Female', 19);
INSERT INTO Voters VALUES (596, 'Karthik Das', 43, 'Male', 20);
INSERT INTO Voters VALUES (597, 'Priya Nair', 80, 'Female', 21);
INSERT INTO Voters VALUES (598, 'Deepa Das', 65, 'Male', 22);
INSERT INTO Voters VALUES (599, 'Deepa Menon', 84, 'Female', 23);
INSERT INTO Voters VALUES (600, 'Priya Ramesh', 25, 'Male', 24);
INSERT INTO Voters VALUES (601, 'Deepa Nair', 25, 'Female', 1);
INSERT INTO Voters VALUES (602, 'Vikram Das', 79, 'Male', 2);
INSERT INTO Voters VALUES (603, 'Anjali Menon', 58, 'Female', 3);
INSERT INTO Voters VALUES (604, 'Vikram Iyer', 78, 'Male', 4);
INSERT INTO Voters VALUES (605, 'Karthik Pillai', 18, 'Female', 5);
INSERT INTO Voters VALUES (606, 'Divya Das', 56, 'Male', 6);
INSERT INTO Voters VALUES (607, 'Lakshmi Pillai', 49, 'Female', 7);
INSERT INTO Voters VALUES (608, 'Lakshmi Das', 86, 'Male', 8);
INSERT INTO Voters VALUES (609, 'Priya Varma', 82, 'Female', 9);
INSERT INTO Voters VALUES (610, 'Vikram Pillai', 80, 'Male', 10);
INSERT INTO Voters VALUES (611, 'Divya Varma', 80, 'Female', 11);
INSERT INTO Voters VALUES (612, 'Suresh Ramesh', 70, 'Male', 12);
INSERT INTO Voters VALUES (613, 'Arun Kumar', 63, 'Female', 13);
INSERT INTO Voters VALUES (614, 'Anjali Nair', 86, 'Male', 14);
INSERT INTO Voters VALUES (615, 'Rahul Nair', 22, 'Female', 15);
INSERT INTO Voters VALUES (616, 'Karthik Ramesh', 72, 'Male', 16);
INSERT INTO Voters VALUES (617, 'Suresh Pillai', 61, 'Female', 17);
INSERT INTO Voters VALUES (618, 'Divya Rao', 76, 'Male', 18);
INSERT INTO Voters VALUES (619, 'Arun Nair', 90, 'Female', 19);
INSERT INTO Voters VALUES (620, 'Rahul Ramesh', 45, 'Male', 20);
INSERT INTO Voters VALUES (621, 'Deepa Kumar', 70, 'Female', 21);
INSERT INTO Voters VALUES (622, 'Rahul Menon', 29, 'Male', 22);
INSERT INTO Voters VALUES (623, 'Priya Varma', 70, 'Female', 23);
INSERT INTO Voters VALUES (624, 'Rahul Kumar', 51, 'Male', 24);
INSERT INTO Voters VALUES (625, 'Deepa Menon', 18, 'Female', 1);
INSERT INTO Voters VALUES (626, 'Anjali Rao', 66, 'Male', 2);
INSERT INTO Voters VALUES (627, 'Lakshmi Iyer', 86, 'Female', 3);
INSERT INTO Voters VALUES (628, 'Deepa Iyer', 29, 'Male', 4);
INSERT INTO Voters VALUES (629, 'Lakshmi Menon', 21, 'Female', 5);
INSERT INTO Voters VALUES (630, 'Deepa Ramesh', 47, 'Male', 6);
INSERT INTO Voters VALUES (631, 'Anjali Kumar', 61, 'Female', 7);
INSERT INTO Voters VALUES (632, 'Karthik Varma', 61, 'Male', 8);
INSERT INTO Voters VALUES (633, 'Deepa Iyer', 81, 'Female', 9);
INSERT INTO Voters VALUES (634, 'Rahul Das', 18, 'Male', 10);
INSERT INTO Voters VALUES (635, 'Anjali Das', 61, 'Female', 11);
INSERT INTO Voters VALUES (636, 'Divya Menon', 72, 'Male', 12);
INSERT INTO Voters VALUES (637, 'Rahul Sharma', 90, 'Female', 13);
INSERT INTO Voters VALUES (638, 'Divya Pillai', 30, 'Male', 14);
INSERT INTO Voters VALUES (639, 'Arun Menon', 19, 'Female', 15);
INSERT INTO Voters VALUES (640, 'Rahul Varma', 55, 'Male', 16);
INSERT INTO Voters VALUES (641, 'Priya Varma', 70, 'Female', 17);
INSERT INTO Voters VALUES (642, 'Rahul Das', 56, 'Male', 18);
INSERT INTO Voters VALUES (643, 'Anjali Menon', 68, 'Female', 19);
INSERT INTO Voters VALUES (644, 'Lakshmi Iyer', 26, 'Male', 20);
INSERT INTO Voters VALUES (645, 'Karthik Varma', 87, 'Female', 21);
INSERT INTO Voters VALUES (646, 'Rahul Varma', 35, 'Male', 22);
INSERT INTO Voters VALUES (647, 'Divya Kumar', 88, 'Female', 23);
INSERT INTO Voters VALUES (648, 'Karthik Kumar', 29, 'Male', 24);
INSERT INTO Voters VALUES (649, 'Karthik Das', 35, 'Female', 1);
INSERT INTO Voters VALUES (650, 'Divya Kumar', 60, 'Male', 2);
INSERT INTO Voters VALUES (651, 'Karthik Das', 82, 'Female', 3);
INSERT INTO Voters VALUES (652, 'Suresh Iyer', 23, 'Male', 4);
INSERT INTO Voters VALUES (653, 'Priya Nair', 31, 'Female', 5);
INSERT INTO Voters VALUES (654, 'Divya Sharma', 25, 'Male', 6);
INSERT INTO Voters VALUES (655, 'Suresh Iyer', 56, 'Female', 7);
INSERT INTO Voters VALUES (656, 'Arun Das', 52, 'Male', 8);
INSERT INTO Voters VALUES (657, 'Arun Kumar', 72, 'Female', 9);
INSERT INTO Voters VALUES (658, 'Priya Nair', 29, 'Male', 10);
INSERT INTO Voters VALUES (659, 'Anjali Das', 28, 'Female', 11);
INSERT INTO Voters VALUES (660, 'Vikram Varma', 25, 'Male', 12);
INSERT INTO Voters VALUES (661, 'Divya Pillai', 23, 'Female', 13);
INSERT INTO Voters VALUES (662, 'Suresh Nair', 73, 'Male', 14);
INSERT INTO Voters VALUES (663, 'Divya Rao', 71, 'Female', 15);
INSERT INTO Voters VALUES (664, 'Karthik Ramesh', 72, 'Male', 16);
INSERT INTO Voters VALUES (665, 'Vikram Iyer', 29, 'Female', 17);
INSERT INTO Voters VALUES (666, 'Vikram Pillai', 62, 'Male', 18);
INSERT INTO Voters VALUES (667, 'Arun Nair', 62, 'Female', 19);
INSERT INTO Voters VALUES (668, 'Divya Kumar', 63, 'Male', 20);
INSERT INTO Voters VALUES (669, 'Arun Das', 39, 'Female', 21);
INSERT INTO Voters VALUES (670, 'Divya Das', 85, 'Male', 22);
INSERT INTO Voters VALUES (671, 'Karthik Menon', 48, 'Female', 23);
INSERT INTO Voters VALUES (672, 'Priya Iyer', 64, 'Male', 24);
INSERT INTO Voters VALUES (673, 'Anjali Kumar', 59, 'Female', 1);
INSERT INTO Voters VALUES (674, 'Priya Pillai', 89, 'Male', 2);
INSERT INTO Voters VALUES (675, 'Karthik Rao', 33, 'Female', 3);
INSERT INTO Voters VALUES (676, 'Anjali Nair', 39, 'Male', 4);
INSERT INTO Voters VALUES (677, 'Vikram Rao', 84, 'Female', 5);
INSERT INTO Voters VALUES (678, 'Karthik Nair', 53, 'Male', 6);
INSERT INTO Voters VALUES (679, 'Rahul Rao', 84, 'Female', 7);
INSERT INTO Voters VALUES (680, 'Lakshmi Nair', 28, 'Male', 8);
INSERT INTO Voters VALUES (681, 'Suresh Varma', 49, 'Female', 9);
INSERT INTO Voters VALUES (682, 'Suresh Sharma', 30, 'Male', 10);
INSERT INTO Voters VALUES (683, 'Deepa Ramesh', 66, 'Female', 11);
INSERT INTO Voters VALUES (684, 'Lakshmi Menon', 49, 'Male', 12);
INSERT INTO Voters VALUES (685, 'Lakshmi Kumar', 25, 'Female', 13);
INSERT INTO Voters VALUES (686, 'Anjali Ramesh', 58, 'Male', 14);
INSERT INTO Voters VALUES (687, 'Karthik Rao', 60, 'Female', 15);
INSERT INTO Voters VALUES (688, 'Divya Nair', 30, 'Male', 16);
INSERT INTO Voters VALUES (689, 'Rahul Rao', 31, 'Female', 17);
INSERT INTO Voters VALUES (690, 'Rahul Kumar', 66, 'Male', 18);
INSERT INTO Voters VALUES (691, 'Vikram Rao', 20, 'Female', 19);
INSERT INTO Voters VALUES (692, 'Anjali Ramesh', 88, 'Male', 20);
INSERT INTO Voters VALUES (693, 'Deepa Kumar', 30, 'Female', 21);
INSERT INTO Voters VALUES (694, 'Priya Pillai', 72, 'Male', 22);
INSERT INTO Voters VALUES (695, 'Anjali Varma', 70, 'Female', 23);
INSERT INTO Voters VALUES (696, 'Divya Menon', 59, 'Male', 24);
INSERT INTO Voters VALUES (697, 'Deepa Kumar', 61, 'Female', 1);
INSERT INTO Voters VALUES (698, 'Anjali Menon', 49, 'Male', 2);
INSERT INTO Voters VALUES (699, 'Vikram Varma', 89, 'Female', 3);
INSERT INTO Voters VALUES (700, 'Vikram Varma', 72, 'Male', 4);
INSERT INTO Voters VALUES (701, 'Arun Rao', 64, 'Female', 5);
INSERT INTO Voters VALUES (702, 'Vikram Das', 36, 'Male', 6);
INSERT INTO Voters VALUES (703, 'Vikram Iyer', 71, 'Female', 7);
INSERT INTO Voters VALUES (704, 'Suresh Kumar', 42, 'Male', 8);
INSERT INTO Voters VALUES (705, 'Lakshmi Pillai', 43, 'Female', 9);
INSERT INTO Voters VALUES (706, 'Lakshmi Sharma', 65, 'Male', 10);
INSERT INTO Voters VALUES (707, 'Deepa Menon', 23, 'Female', 11);
INSERT INTO Voters VALUES (708, 'Anjali Kumar', 64, 'Male', 12);
INSERT INTO Voters VALUES (709, 'Karthik Menon', 18, 'Female', 13);
INSERT INTO Voters VALUES (710, 'Divya Das', 66, 'Male', 14);
INSERT INTO Voters VALUES (711, 'Divya Menon', 23, 'Female', 15);
INSERT INTO Voters VALUES (712, 'Divya Pillai', 45, 'Male', 16);
INSERT INTO Voters VALUES (713, 'Lakshmi Pillai', 84, 'Female', 17);
INSERT INTO Voters VALUES (714, 'Karthik Kumar', 42, 'Male', 18);
INSERT INTO Voters VALUES (715, 'Lakshmi Pillai', 87, 'Female', 19);
INSERT INTO Voters VALUES (716, 'Anjali Sharma', 23, 'Male', 20);
INSERT INTO Voters VALUES (717, 'Lakshmi Varma', 62, 'Female', 21);
INSERT INTO Voters VALUES (718, 'Priya Pillai', 66, 'Male', 22);
INSERT INTO Voters VALUES (719, 'Rahul Menon', 59, 'Female', 23);
INSERT INTO Voters VALUES (720, 'Divya Iyer', 60, 'Male', 24);
INSERT INTO Voters VALUES (721, 'Priya Pillai', 81, 'Female', 1);
INSERT INTO Voters VALUES (722, 'Arun Pillai', 80, 'Male', 2);
INSERT INTO Voters VALUES (723, 'Priya Pillai', 23, 'Female', 3);
INSERT INTO Voters VALUES (724, 'Divya Rao', 74, 'Male', 4);
INSERT INTO Voters VALUES (725, 'Priya Ramesh', 88, 'Female', 5);
INSERT INTO Voters VALUES (726, 'Anjali Rao', 79, 'Male', 6);
INSERT INTO Voters VALUES (727, 'Rahul Sharma', 84, 'Female', 7);
INSERT INTO Voters VALUES (728, 'Rahul Rao', 82, 'Male', 8);
INSERT INTO Voters VALUES (729, 'Suresh Ramesh', 30, 'Female', 9);
INSERT INTO Voters VALUES (730, 'Suresh Menon', 62, 'Male', 10);
INSERT INTO Voters VALUES (731, 'Divya Rao', 84, 'Female', 11);
INSERT INTO Voters VALUES (732, 'Karthik Das', 22, 'Male', 12);
INSERT INTO Voters VALUES (733, 'Priya Varma', 37, 'Female', 13);
INSERT INTO Voters VALUES (734, 'Karthik Das', 57, 'Male', 14);
INSERT INTO Voters VALUES (735, 'Priya Das', 77, 'Female', 15);
INSERT INTO Voters VALUES (736, 'Priya Rao', 90, 'Male', 16);
INSERT INTO Voters VALUES (737, 'Lakshmi Iyer', 46, 'Female', 17);
INSERT INTO Voters VALUES (738, 'Deepa Pillai', 85, 'Male', 18);
INSERT INTO Voters VALUES (739, 'Arun Sharma', 77, 'Female', 19);
INSERT INTO Voters VALUES (740, 'Divya Das', 68, 'Male', 20);
INSERT INTO Voters VALUES (741, 'Suresh Das', 34, 'Female', 21);
INSERT INTO Voters VALUES (742, 'Lakshmi Varma', 79, 'Male', 22);
INSERT INTO Voters VALUES (743, 'Divya Pillai', 62, 'Female', 23);
INSERT INTO Voters VALUES (744, 'Vikram Das', 82, 'Male', 24);
INSERT INTO Voters VALUES (745, 'Suresh Sharma', 51, 'Female', 1);
INSERT INTO Voters VALUES (746, 'Vikram Varma', 34, 'Male', 2);
INSERT INTO Voters VALUES (747, 'Karthik Ramesh', 21, 'Female', 3);
INSERT INTO Voters VALUES (748, 'Priya Nair', 63, 'Male', 4);
INSERT INTO Voters VALUES (749, 'Rahul Kumar', 49, 'Female', 5);
INSERT INTO Voters VALUES (750, 'Vikram Menon', 79, 'Male', 6);
INSERT INTO Voters VALUES (751, 'Karthik Nair', 52, 'Female', 7);
INSERT INTO Voters VALUES (752, 'Anjali Sharma', 90, 'Male', 8);
INSERT INTO Voters VALUES (753, 'Lakshmi Sharma', 63, 'Female', 9);
INSERT INTO Voters VALUES (754, 'Rahul Menon', 44, 'Male', 10);
INSERT INTO Voters VALUES (755, 'Rahul Ramesh', 63, 'Female', 11);
INSERT INTO Voters VALUES (756, 'Lakshmi Kumar', 60, 'Male', 12);
INSERT INTO Voters VALUES (757, 'Lakshmi Sharma', 80, 'Female', 13);
INSERT INTO Voters VALUES (758, 'Lakshmi Pillai', 85, 'Male', 14);
INSERT INTO Voters VALUES (759, 'Vikram Iyer', 73, 'Female', 15);
INSERT INTO Voters VALUES (760, 'Vikram Rao', 43, 'Male', 16);
INSERT INTO Voters VALUES (761, 'Priya Pillai', 80, 'Female', 17);
INSERT INTO Voters VALUES (762, 'Vikram Kumar', 26, 'Male', 18);
INSERT INTO Voters VALUES (763, 'Vikram Pillai', 77, 'Female', 19);
INSERT INTO Voters VALUES (764, 'Lakshmi Rao', 38, 'Male', 20);
INSERT INTO Voters VALUES (765, 'Suresh Pillai', 40, 'Female', 21);
INSERT INTO Voters VALUES (766, 'Anjali Varma', 75, 'Male', 22);
INSERT INTO Voters VALUES (767, 'Divya Iyer', 44, 'Female', 23);
INSERT INTO Voters VALUES (768, 'Karthik Menon', 84, 'Male', 24);
INSERT INTO Voters VALUES (769, 'Suresh Ramesh', 29, 'Female', 1);
INSERT INTO Voters VALUES (770, 'Rahul Nair', 76, 'Male', 2);
INSERT INTO Voters VALUES (771, 'Suresh Iyer', 86, 'Female', 3);
INSERT INTO Voters VALUES (772, 'Suresh Das', 71, 'Male', 4);
INSERT INTO Voters VALUES (773, 'Divya Menon', 18, 'Female', 5);
INSERT INTO Voters VALUES (774, 'Deepa Rao', 24, 'Male', 6);
INSERT INTO Voters VALUES (775, 'Arun Iyer', 78, 'Female', 7);
INSERT INTO Voters VALUES (776, 'Anjali Nair', 56, 'Male', 8);
INSERT INTO Voters VALUES (777, 'Deepa Pillai', 66, 'Female', 9);
INSERT INTO Voters VALUES (778, 'Suresh Kumar', 35, 'Male', 10);
INSERT INTO Voters VALUES (779, 'Arun Varma', 66, 'Female', 11);
INSERT INTO Voters VALUES (780, 'Priya Menon', 65, 'Male', 12);
INSERT INTO Voters VALUES (781, 'Suresh Iyer', 72, 'Female', 13);
INSERT INTO Voters VALUES (782, 'Suresh Menon', 48, 'Male', 14);
INSERT INTO Voters VALUES (783, 'Rahul Sharma', 22, 'Female', 15);
INSERT INTO Voters VALUES (784, 'Rahul Kumar', 87, 'Male', 16);
INSERT INTO Voters VALUES (785, 'Suresh Varma', 57, 'Female', 17);
INSERT INTO Voters VALUES (786, 'Karthik Rao', 38, 'Male', 18);
INSERT INTO Voters VALUES (787, 'Deepa Ramesh', 65, 'Female', 19);
INSERT INTO Voters VALUES (788, 'Deepa Das', 69, 'Male', 20);
INSERT INTO Voters VALUES (789, 'Vikram Nair', 60, 'Female', 21);
INSERT INTO Voters VALUES (790, 'Suresh Iyer', 70, 'Male', 22);
INSERT INTO Voters VALUES (791, 'Karthik Sharma', 80, 'Female', 23);
INSERT INTO Voters VALUES (792, 'Vikram Sharma', 74, 'Male', 24);
INSERT INTO Voters VALUES (793, 'Anjali Ramesh', 53, 'Female', 1);
INSERT INTO Voters VALUES (794, 'Anjali Pillai', 50, 'Male', 2);
INSERT INTO Voters VALUES (795, 'Deepa Menon', 58, 'Female', 3);
INSERT INTO Voters VALUES (796, 'Suresh Kumar', 25, 'Male', 4);
INSERT INTO Voters VALUES (797, 'Karthik Kumar', 42, 'Female', 5);
INSERT INTO Voters VALUES (798, 'Priya Ramesh', 18, 'Male', 6);
INSERT INTO Voters VALUES (799, 'Deepa Das', 66, 'Female', 7);
INSERT INTO Voters VALUES (800, 'Anjali Das', 51, 'Male', 8);
INSERT INTO Voters VALUES (801, 'Vikram Sharma', 26, 'Female', 9);
INSERT INTO Voters VALUES (802, 'Deepa Nair', 39, 'Male', 10);
INSERT INTO Voters VALUES (803, 'Divya Nair', 18, 'Female', 11);
INSERT INTO Voters VALUES (804, 'Vikram Das', 66, 'Male', 12);
INSERT INTO Voters VALUES (805, 'Priya Kumar', 66, 'Female', 13);
INSERT INTO Voters VALUES (806, 'Karthik Varma', 31, 'Male', 14);
INSERT INTO Voters VALUES (807, 'Lakshmi Nair', 76, 'Female', 15);
INSERT INTO Voters VALUES (808, 'Vikram Menon', 66, 'Male', 16);
INSERT INTO Voters VALUES (809, 'Karthik Kumar', 51, 'Female', 17);
INSERT INTO Voters VALUES (810, 'Vikram Kumar', 89, 'Male', 18);
INSERT INTO Voters VALUES (811, 'Divya Menon', 87, 'Female', 19);
INSERT INTO Voters VALUES (812, 'Lakshmi Varma', 54, 'Male', 20);
INSERT INTO Voters VALUES (813, 'Vikram Nair', 80, 'Female', 21);
INSERT INTO Voters VALUES (814, 'Vikram Sharma', 19, 'Male', 22);
INSERT INTO Voters VALUES (815, 'Vikram Ramesh', 30, 'Female', 23);
INSERT INTO Voters VALUES (816, 'Lakshmi Sharma', 22, 'Male', 24);
INSERT INTO Voters VALUES (817, 'Lakshmi Pillai', 55, 'Female', 1);
INSERT INTO Voters VALUES (818, 'Karthik Iyer', 26, 'Male', 2);
INSERT INTO Voters VALUES (819, 'Rahul Kumar', 24, 'Female', 3);
INSERT INTO Voters VALUES (820, 'Suresh Kumar', 31, 'Male', 4);
INSERT INTO Voters VALUES (821, 'Divya Varma', 75, 'Female', 5);
INSERT INTO Voters VALUES (822, 'Priya Iyer', 80, 'Male', 6);
INSERT INTO Voters VALUES (823, 'Lakshmi Kumar', 47, 'Female', 7);
INSERT INTO Voters VALUES (824, 'Suresh Das', 31, 'Male', 8);
INSERT INTO Voters VALUES (825, 'Rahul Ramesh', 18, 'Female', 9);
INSERT INTO Voters VALUES (826, 'Deepa Varma', 47, 'Male', 10);
INSERT INTO Voters VALUES (827, 'Divya Iyer', 51, 'Female', 11);
INSERT INTO Voters VALUES (828, 'Rahul Iyer', 42, 'Male', 12);
INSERT INTO Voters VALUES (829, 'Suresh Iyer', 33, 'Female', 13);
INSERT INTO Voters VALUES (830, 'Deepa Kumar', 85, 'Male', 14);
INSERT INTO Voters VALUES (831, 'Anjali Sharma', 59, 'Female', 15);
INSERT INTO Voters VALUES (832, 'Karthik Sharma', 62, 'Male', 16);
INSERT INTO Voters VALUES (833, 'Suresh Rao', 33, 'Female', 17);
INSERT INTO Voters VALUES (834, 'Anjali Varma', 48, 'Male', 18);
INSERT INTO Voters VALUES (835, 'Priya Sharma', 18, 'Female', 19);
INSERT INTO Voters VALUES (836, 'Lakshmi Pillai', 45, 'Male', 20);
INSERT INTO Voters VALUES (837, 'Arun Kumar', 40, 'Female', 21);
INSERT INTO Voters VALUES (838, 'Anjali Iyer', 85, 'Male', 22);
INSERT INTO Voters VALUES (839, 'Priya Sharma', 65, 'Female', 23);
INSERT INTO Voters VALUES (840, 'Rahul Sharma', 62, 'Male', 24);
INSERT INTO Voters VALUES (841, 'Vikram Rao', 62, 'Female', 1);
INSERT INTO Voters VALUES (842, 'Priya Das', 36, 'Male', 2);
INSERT INTO Voters VALUES (843, 'Vikram Sharma', 64, 'Female', 3);
INSERT INTO Voters VALUES (844, 'Karthik Varma', 48, 'Male', 4);
INSERT INTO Voters VALUES (845, 'Arun Rao', 37, 'Female', 5);
INSERT INTO Voters VALUES (846, 'Lakshmi Iyer', 29, 'Male', 6);
INSERT INTO Voters VALUES (847, 'Priya Kumar', 25, 'Female', 7);
INSERT INTO Voters VALUES (848, 'Priya Ramesh', 82, 'Male', 8);
INSERT INTO Voters VALUES (849, 'Suresh Das', 45, 'Female', 9);
INSERT INTO Voters VALUES (850, 'Karthik Rao', 37, 'Male', 10);
INSERT INTO Voters VALUES (851, 'Vikram Nair', 59, 'Female', 11);
INSERT INTO Voters VALUES (852, 'Karthik Pillai', 49, 'Male', 12);
INSERT INTO Voters VALUES (853, 'Anjali Nair', 21, 'Female', 13);
INSERT INTO Voters VALUES (854, 'Divya Menon', 66, 'Male', 14);
INSERT INTO Voters VALUES (855, 'Deepa Iyer', 29, 'Female', 15);
INSERT INTO Voters VALUES (856, 'Vikram Nair', 40, 'Male', 16);
INSERT INTO Voters VALUES (857, 'Arun Rao', 63, 'Female', 17);
INSERT INTO Voters VALUES (858, 'Anjali Das', 29, 'Male', 18);
INSERT INTO Voters VALUES (859, 'Priya Menon', 81, 'Female', 19);
INSERT INTO Voters VALUES (860, 'Vikram Ramesh', 85, 'Male', 20);
INSERT INTO Voters VALUES (861, 'Deepa Sharma', 70, 'Female', 21);
INSERT INTO Voters VALUES (862, 'Suresh Varma', 65, 'Male', 22);
INSERT INTO Voters VALUES (863, 'Anjali Kumar', 58, 'Female', 23);
INSERT INTO Voters VALUES (864, 'Priya Das', 85, 'Male', 24);
INSERT INTO Voters VALUES (865, 'Vikram Sharma', 35, 'Female', 1);
INSERT INTO Voters VALUES (866, 'Vikram Sharma', 83, 'Male', 2);
INSERT INTO Voters VALUES (867, 'Rahul Varma', 74, 'Female', 3);
INSERT INTO Voters VALUES (868, 'Vikram Nair', 18, 'Male', 4);
INSERT INTO Voters VALUES (869, 'Suresh Nair', 22, 'Female', 5);
INSERT INTO Voters VALUES (870, 'Karthik Varma', 27, 'Male', 6);
INSERT INTO Voters VALUES (871, 'Deepa Pillai', 39, 'Female', 7);
INSERT INTO Voters VALUES (872, 'Deepa Iyer', 24, 'Male', 8);
INSERT INTO Voters VALUES (873, 'Deepa Menon', 36, 'Female', 9);
INSERT INTO Voters VALUES (874, 'Arun Sharma', 47, 'Male', 10);
INSERT INTO Voters VALUES (875, 'Karthik Pillai', 67, 'Female', 11);
INSERT INTO Voters VALUES (876, 'Rahul Menon', 66, 'Male', 12);
INSERT INTO Voters VALUES (877, 'Arun Nair', 70, 'Female', 13);
INSERT INTO Voters VALUES (878, 'Priya Rao', 83, 'Male', 14);
INSERT INTO Voters VALUES (879, 'Anjali Pillai', 35, 'Female', 15);
INSERT INTO Voters VALUES (880, 'Karthik Nair', 62, 'Male', 16);
INSERT INTO Voters VALUES (881, 'Anjali Nair', 50, 'Female', 17);
INSERT INTO Voters VALUES (882, 'Anjali Menon', 89, 'Male', 18);
INSERT INTO Voters VALUES (883, 'Lakshmi Menon', 23, 'Female', 19);
INSERT INTO Voters VALUES (884, 'Priya Iyer', 50, 'Male', 20);
INSERT INTO Voters VALUES (885, 'Anjali Kumar', 25, 'Female', 21);
INSERT INTO Voters VALUES (886, 'Divya Pillai', 24, 'Male', 22);
INSERT INTO Voters VALUES (887, 'Deepa Rao', 41, 'Female', 23);
INSERT INTO Voters VALUES (888, 'Suresh Iyer', 20, 'Male', 24);
INSERT INTO Voters VALUES (889, 'Deepa Das', 23, 'Female', 1);
INSERT INTO Voters VALUES (890, 'Divya Nair', 27, 'Male', 2);
INSERT INTO Voters VALUES (891, 'Arun Das', 70, 'Female', 3);
INSERT INTO Voters VALUES (892, 'Priya Kumar', 31, 'Male', 4);
INSERT INTO Voters VALUES (893, 'Vikram Iyer', 75, 'Female', 5);
INSERT INTO Voters VALUES (894, 'Arun Menon', 76, 'Male', 6);
INSERT INTO Voters VALUES (895, 'Lakshmi Iyer', 61, 'Female', 7);
INSERT INTO Voters VALUES (896, 'Karthik Ramesh', 32, 'Male', 8);
INSERT INTO Voters VALUES (897, 'Anjali Das', 44, 'Female', 9);
INSERT INTO Voters VALUES (898, 'Deepa Rao', 65, 'Male', 10);
INSERT INTO Voters VALUES (899, 'Arun Kumar', 77, 'Female', 11);
INSERT INTO Voters VALUES (900, 'Karthik Sharma', 36, 'Male', 12);
INSERT INTO Voters VALUES (901, 'Lakshmi Menon', 19, 'Female', 13);
INSERT INTO Voters VALUES (902, 'Anjali Das', 66, 'Male', 14);
INSERT INTO Voters VALUES (903, 'Lakshmi Das', 74, 'Female', 15);
INSERT INTO Voters VALUES (904, 'Deepa Nair', 70, 'Male', 16);
INSERT INTO Voters VALUES (905, 'Suresh Das', 38, 'Female', 17);
INSERT INTO Voters VALUES (906, 'Deepa Ramesh', 70, 'Male', 18);
INSERT INTO Voters VALUES (907, 'Vikram Nair', 39, 'Female', 19);
INSERT INTO Voters VALUES (908, 'Anjali Sharma', 32, 'Male', 20);
INSERT INTO Voters VALUES (909, 'Vikram Rao', 90, 'Female', 21);
INSERT INTO Voters VALUES (910, 'Karthik Iyer', 65, 'Male', 22);
INSERT INTO Voters VALUES (911, 'Arun Nair', 80, 'Female', 23);
INSERT INTO Voters VALUES (912, 'Vikram Menon', 39, 'Male', 24);
INSERT INTO Voters VALUES (913, 'Anjali Sharma', 44, 'Female', 1);
INSERT INTO Voters VALUES (914, 'Vikram Das', 44, 'Male', 2);
INSERT INTO Voters VALUES (915, 'Lakshmi Sharma', 76, 'Female', 3);
INSERT INTO Voters VALUES (916, 'Deepa Iyer', 53, 'Male', 4);
INSERT INTO Voters VALUES (917, 'Priya Menon', 61, 'Female', 5);
INSERT INTO Voters VALUES (918, 'Anjali Kumar', 20, 'Male', 6);
INSERT INTO Voters VALUES (919, 'Rahul Sharma', 25, 'Female', 7);
INSERT INTO Voters VALUES (920, 'Arun Ramesh', 35, 'Male', 8);
INSERT INTO Voters VALUES (921, 'Anjali Kumar', 22, 'Female', 9);
INSERT INTO Voters VALUES (922, 'Arun Pillai', 66, 'Male', 10);
INSERT INTO Voters VALUES (923, 'Suresh Menon', 44, 'Female', 11);
INSERT INTO Voters VALUES (924, 'Lakshmi Varma', 55, 'Male', 12);
INSERT INTO Voters VALUES (925, 'Arun Nair', 49, 'Female', 13);
INSERT INTO Voters VALUES (926, 'Suresh Pillai', 43, 'Male', 14);
INSERT INTO Voters VALUES (927, 'Arun Ramesh', 45, 'Female', 15);
INSERT INTO Voters VALUES (928, 'Rahul Das', 61, 'Male', 16);
INSERT INTO Voters VALUES (929, 'Arun Nair', 85, 'Female', 17);
INSERT INTO Voters VALUES (930, 'Vikram Kumar', 28, 'Male', 18);
INSERT INTO Voters VALUES (931, 'Vikram Das', 67, 'Female', 19);
INSERT INTO Voters VALUES (932, 'Rahul Sharma', 43, 'Male', 20);
INSERT INTO Voters VALUES (933, 'Arun Kumar', 63, 'Female', 21);
INSERT INTO Voters VALUES (934, 'Rahul Pillai', 27, 'Male', 22);
INSERT INTO Voters VALUES (935, 'Suresh Menon', 45, 'Female', 23);
INSERT INTO Voters VALUES (936, 'Karthik Nair', 38, 'Male', 24);
INSERT INTO Voters VALUES (937, 'Deepa Pillai', 81, 'Female', 1);
INSERT INTO Voters VALUES (938, 'Anjali Pillai', 67, 'Male', 2);
INSERT INTO Voters VALUES (939, 'Karthik Pillai', 48, 'Female', 3);
INSERT INTO Voters VALUES (940, 'Rahul Varma', 24, 'Male', 4);
INSERT INTO Voters VALUES (941, 'Lakshmi Das', 45, 'Female', 5);
INSERT INTO Voters VALUES (942, 'Lakshmi Kumar', 45, 'Male', 6);
INSERT INTO Voters VALUES (943, 'Arun Sharma', 76, 'Female', 7);
INSERT INTO Voters VALUES (944, 'Karthik Menon', 34, 'Male', 8);
INSERT INTO Voters VALUES (945, 'Karthik Rao', 64, 'Female', 9);
INSERT INTO Voters VALUES (946, 'Divya Kumar', 20, 'Male', 10);
INSERT INTO Voters VALUES (947, 'Anjali Iyer', 89, 'Female', 11);
INSERT INTO Voters VALUES (948, 'Karthik Pillai', 89, 'Male', 12);
INSERT INTO Voters VALUES (949, 'Suresh Das', 56, 'Female', 13);
INSERT INTO Voters VALUES (950, 'Priya Nair', 65, 'Male', 14);
INSERT INTO Voters VALUES (951, 'Lakshmi Ramesh', 19, 'Female', 15);
INSERT INTO Voters VALUES (952, 'Vikram Das', 60, 'Male', 16);
INSERT INTO Voters VALUES (953, 'Arun Menon', 37, 'Female', 17);
INSERT INTO Voters VALUES (954, 'Suresh Pillai', 71, 'Male', 18);
INSERT INTO Voters VALUES (955, 'Anjali Das', 68, 'Female', 19);
INSERT INTO Voters VALUES (956, 'Anjali Kumar', 69, 'Male', 20);
INSERT INTO Voters VALUES (957, 'Anjali Ramesh', 44, 'Female', 21);
INSERT INTO Voters VALUES (958, 'Priya Sharma', 56, 'Male', 22);
INSERT INTO Voters VALUES (959, 'Arun Varma', 48, 'Female', 23);
INSERT INTO Voters VALUES (960, 'Priya Iyer', 39, 'Male', 24);
INSERT INTO Voters VALUES (961, 'Anjali Varma', 64, 'Female', 1);
INSERT INTO Voters VALUES (962, 'Vikram Ramesh', 63, 'Male', 2);
INSERT INTO Voters VALUES (963, 'Karthik Sharma', 90, 'Female', 3);
INSERT INTO Voters VALUES (964, 'Karthik Varma', 76, 'Male', 4);
INSERT INTO Voters VALUES (965, 'Karthik Das', 62, 'Female', 5);
INSERT INTO Voters VALUES (966, 'Anjali Kumar', 30, 'Male', 6);
INSERT INTO Voters VALUES (967, 'Rahul Sharma', 47, 'Female', 7);
INSERT INTO Voters VALUES (968, 'Rahul Rao', 84, 'Male', 8);
INSERT INTO Voters VALUES (969, 'Vikram Ramesh', 54, 'Female', 9);
INSERT INTO Voters VALUES (970, 'Lakshmi Pillai', 35, 'Male', 10);
INSERT INTO Voters VALUES (971, 'Priya Menon', 37, 'Female', 11);
INSERT INTO Voters VALUES (972, 'Suresh Pillai', 43, 'Male', 12);
INSERT INTO Voters VALUES (973, 'Priya Das', 69, 'Female', 13);
INSERT INTO Voters VALUES (974, 'Lakshmi Menon', 45, 'Male', 14);
INSERT INTO Voters VALUES (975, 'Divya Sharma', 87, 'Female', 15);
INSERT INTO Voters VALUES (976, 'Lakshmi Varma', 31, 'Male', 16);
INSERT INTO Voters VALUES (977, 'Priya Rao', 44, 'Female', 17);
INSERT INTO Voters VALUES (978, 'Lakshmi Rao', 79, 'Male', 18);
INSERT INTO Voters VALUES (979, 'Anjali Nair', 47, 'Female', 19);
INSERT INTO Voters VALUES (980, 'Deepa Kumar', 82, 'Male', 20);
INSERT INTO Voters VALUES (981, 'Priya Nair', 69, 'Female', 21);
INSERT INTO Voters VALUES (982, 'Deepa Kumar', 80, 'Male', 22);
INSERT INTO Voters VALUES (983, 'Deepa Rao', 33, 'Female', 23);
INSERT INTO Voters VALUES (984, 'Suresh Varma', 46, 'Male', 24);
INSERT INTO Voters VALUES (985, 'Arun Menon', 85, 'Female', 1);
INSERT INTO Voters VALUES (986, 'Lakshmi Varma', 87, 'Male', 2);
INSERT INTO Voters VALUES (987, 'Deepa Sharma', 29, 'Female', 3);
INSERT INTO Voters VALUES (988, 'Deepa Menon', 63, 'Male', 4);
INSERT INTO Voters VALUES (989, 'Arun Menon', 69, 'Female', 5);
INSERT INTO Voters VALUES (990, 'Deepa Varma', 21, 'Male', 6);
INSERT INTO Voters VALUES (991, 'Karthik Rao', 69, 'Female', 7);
INSERT INTO Voters VALUES (992, 'Deepa Menon', 46, 'Male', 8);
INSERT INTO Voters VALUES (993, 'Vikram Das', 18, 'Female', 9);
INSERT INTO Voters VALUES (994, 'Anjali Varma', 35, 'Male', 10);
INSERT INTO Voters VALUES (995, 'Lakshmi Menon', 48, 'Female', 11);
INSERT INTO Voters VALUES (996, 'Arun Nair', 51, 'Male', 12);
INSERT INTO Voters VALUES (997, 'Rahul Das', 33, 'Female', 13);
INSERT INTO Voters VALUES (998, 'Karthik Varma', 42, 'Male', 14);
INSERT INTO Voters VALUES (999, 'Lakshmi Pillai', 77, 'Female', 15);
INSERT INTO Voters VALUES (1000, 'Deepa Varma', 29, 'Male', 16);
INSERT INTO Voters VALUES (1001, 'Rahul Nair', 65, 'Female', 17);
INSERT INTO Voters VALUES (1002, 'Vikram Kumar', 44, 'Male', 18);
INSERT INTO Voters VALUES (1003, 'Vikram Sharma', 90, 'Female', 19);
INSERT INTO Voters VALUES (1004, 'Vikram Sharma', 53, 'Male', 20);
INSERT INTO Voters VALUES (1005, 'Arun Das', 38, 'Female', 21);
INSERT INTO Voters VALUES (1006, 'Anjali Pillai', 70, 'Male', 22);
INSERT INTO Voters VALUES (1007, 'Suresh Menon', 22, 'Female', 23);
INSERT INTO Voters VALUES (1008, 'Priya Das', 69, 'Male', 24);
INSERT INTO Voters VALUES (1009, 'Rahul Kumar', 30, 'Female', 1);
INSERT INTO Voters VALUES (1010, 'Karthik Varma', 39, 'Male', 2);
INSERT INTO Voters VALUES (1011, 'Arun Menon', 67, 'Female', 3);
INSERT INTO Voters VALUES (1012, 'Arun Rao', 32, 'Male', 4);
INSERT INTO Voters VALUES (1013, 'Vikram Pillai', 46, 'Female', 5);
INSERT INTO Voters VALUES (1014, 'Arun Menon', 64, 'Male', 6);
INSERT INTO Voters VALUES (1015, 'Suresh Kumar', 52, 'Female', 7);
INSERT INTO Voters VALUES (1016, 'Vikram Sharma', 31, 'Male', 8);
INSERT INTO Voters VALUES (1017, 'Lakshmi Iyer', 46, 'Female', 9);
INSERT INTO Voters VALUES (1018, 'Deepa Sharma', 29, 'Male', 10);
INSERT INTO Voters VALUES (1019, 'Suresh Iyer', 36, 'Female', 11);
INSERT INTO Voters VALUES (1020, 'Priya Iyer', 24, 'Male', 12);
INSERT INTO Voters VALUES (1021, 'Karthik Pillai', 25, 'Female', 13);
INSERT INTO Voters VALUES (1022, 'Divya Ramesh', 42, 'Male', 14);
INSERT INTO Voters VALUES (1023, 'Suresh Iyer', 50, 'Female', 15);
INSERT INTO Voters VALUES (1024, 'Divya Rao', 84, 'Male', 16);
INSERT INTO Voters VALUES (1025, 'Priya Iyer', 49, 'Female', 17);
INSERT INTO Voters VALUES (1026, 'Deepa Iyer', 28, 'Male', 18);
INSERT INTO Voters VALUES (1027, 'Arun Iyer', 56, 'Female', 19);
INSERT INTO Voters VALUES (1028, 'Vikram Das', 50, 'Male', 20);
INSERT INTO Voters VALUES (1029, 'Priya Das', 27, 'Female', 21);
INSERT INTO Voters VALUES (1030, 'Vikram Das', 19, 'Male', 22);
INSERT INTO Voters VALUES (1031, 'Karthik Kumar', 55, 'Female', 23);
INSERT INTO Voters VALUES (1032, 'Deepa Das', 52, 'Male', 24);
INSERT INTO Voters VALUES (1033, 'Vikram Sharma', 69, 'Female', 1);
INSERT INTO Voters VALUES (1034, 'Priya Rao', 72, 'Male', 2);
INSERT INTO Voters VALUES (1035, 'Anjali Iyer', 48, 'Female', 3);
INSERT INTO Voters VALUES (1036, 'Karthik Sharma', 26, 'Male', 4);
INSERT INTO Voters VALUES (1037, 'Deepa Iyer', 39, 'Female', 5);
INSERT INTO Voters VALUES (1038, 'Vikram Ramesh', 90, 'Male', 6);
INSERT INTO Voters VALUES (1039, 'Lakshmi Rao', 86, 'Female', 7);
INSERT INTO Voters VALUES (1040, 'Arun Sharma', 34, 'Male', 8);
INSERT INTO Voters VALUES (1041, 'Lakshmi Ramesh', 58, 'Female', 9);
INSERT INTO Voters VALUES (1042, 'Deepa Iyer', 24, 'Male', 10);
INSERT INTO Voters VALUES (1043, 'Vikram Varma', 86, 'Female', 11);
INSERT INTO Voters VALUES (1044, 'Arun Iyer', 46, 'Male', 12);
INSERT INTO Voters VALUES (1045, 'Rahul Das', 37, 'Female', 13);
INSERT INTO Voters VALUES (1046, 'Rahul Menon', 78, 'Male', 14);
INSERT INTO Voters VALUES (1047, 'Arun Menon', 34, 'Female', 15);
INSERT INTO Voters VALUES (1048, 'Karthik Menon', 26, 'Male', 16);
INSERT INTO Voters VALUES (1049, 'Deepa Kumar', 81, 'Female', 17);
INSERT INTO Voters VALUES (1050, 'Lakshmi Iyer', 42, 'Male', 18);
INSERT INTO Voters VALUES (1051, 'Suresh Kumar', 64, 'Female', 19);
INSERT INTO Voters VALUES (1052, 'Rahul Nair', 78, 'Male', 20);
INSERT INTO Voters VALUES (1053, 'Vikram Nair', 19, 'Female', 21);
INSERT INTO Voters VALUES (1054, 'Arun Pillai', 54, 'Male', 22);
INSERT INTO Voters VALUES (1055, 'Anjali Menon', 47, 'Female', 23);
INSERT INTO Voters VALUES (1056, 'Vikram Menon', 37, 'Male', 24);
INSERT INTO Voters VALUES (1057, 'Arun Menon', 56, 'Female', 1);
INSERT INTO Voters VALUES (1058, 'Karthik Sharma', 67, 'Male', 2);
INSERT INTO Voters VALUES (1059, 'Rahul Varma', 63, 'Female', 3);
INSERT INTO Voters VALUES (1060, 'Divya Varma', 19, 'Male', 4);
INSERT INTO Voters VALUES (1061, 'Lakshmi Iyer', 23, 'Female', 5);
INSERT INTO Voters VALUES (1062, 'Divya Pillai', 48, 'Male', 6);
INSERT INTO Voters VALUES (1063, 'Deepa Rao', 50, 'Female', 7);
INSERT INTO Voters VALUES (1064, 'Vikram Varma', 51, 'Male', 8);
INSERT INTO Voters VALUES (1065, 'Karthik Nair', 18, 'Female', 9);
INSERT INTO Voters VALUES (1066, 'Anjali Das', 25, 'Male', 10);
INSERT INTO Voters VALUES (1067, 'Divya Das', 23, 'Female', 11);
INSERT INTO Voters VALUES (1068, 'Deepa Ramesh', 36, 'Male', 12);
INSERT INTO Voters VALUES (1069, 'Arun Menon', 55, 'Female', 13);
INSERT INTO Voters VALUES (1070, 'Karthik Menon', 30, 'Male', 14);
INSERT INTO Voters VALUES (1071, 'Divya Kumar', 89, 'Female', 15);
INSERT INTO Voters VALUES (1072, 'Priya Rao', 87, 'Male', 16);
INSERT INTO Voters VALUES (1073, 'Divya Iyer', 64, 'Female', 17);
INSERT INTO Voters VALUES (1074, 'Arun Pillai', 68, 'Male', 18);
INSERT INTO Voters VALUES (1075, 'Priya Kumar', 36, 'Female', 19);
INSERT INTO Voters VALUES (1076, 'Rahul Sharma', 43, 'Male', 20);
INSERT INTO Voters VALUES (1077, 'Priya Menon', 37, 'Female', 21);
INSERT INTO Voters VALUES (1078, 'Lakshmi Iyer', 87, 'Male', 22);
INSERT INTO Voters VALUES (1079, 'Divya Das', 49, 'Female', 23);
INSERT INTO Voters VALUES (1080, 'Suresh Iyer', 29, 'Male', 24);
INSERT INTO Voters VALUES (1081, 'Arun Menon', 41, 'Female', 1);
INSERT INTO Voters VALUES (1082, 'Anjali Kumar', 87, 'Male', 2);
INSERT INTO Voters VALUES (1083, 'Anjali Varma', 78, 'Female', 3);
INSERT INTO Voters VALUES (1084, 'Priya Ramesh', 60, 'Male', 4);
INSERT INTO Voters VALUES (1085, 'Karthik Nair', 36, 'Female', 5);
INSERT INTO Voters VALUES (1086, 'Anjali Kumar', 34, 'Male', 6);
INSERT INTO Voters VALUES (1087, 'Priya Nair', 41, 'Female', 7);
INSERT INTO Voters VALUES (1088, 'Vikram Menon', 76, 'Male', 8);
INSERT INTO Voters VALUES (1089, 'Anjali Kumar', 77, 'Female', 9);
INSERT INTO Voters VALUES (1090, 'Priya Varma', 21, 'Male', 10);
INSERT INTO Voters VALUES (1091, 'Lakshmi Ramesh', 49, 'Female', 11);
INSERT INTO Voters VALUES (1092, 'Suresh Sharma', 40, 'Male', 12);
INSERT INTO Voters VALUES (1093, 'Rahul Nair', 72, 'Female', 13);
INSERT INTO Voters VALUES (1094, 'Lakshmi Ramesh', 18, 'Male', 14);
INSERT INTO Voters VALUES (1095, 'Lakshmi Menon', 77, 'Female', 15);
INSERT INTO Voters VALUES (1096, 'Priya Pillai', 30, 'Male', 16);
INSERT INTO Voters VALUES (1097, 'Lakshmi Varma', 74, 'Female', 17);
INSERT INTO Voters VALUES (1098, 'Rahul Sharma', 49, 'Male', 18);
INSERT INTO Voters VALUES (1099, 'Arun Ramesh', 37, 'Female', 19);
INSERT INTO Voters VALUES (1100, 'Karthik Sharma', 56, 'Male', 20);
INSERT INTO Voters VALUES (1101, 'Divya Das', 88, 'Female', 21);
INSERT INTO Voters VALUES (1102, 'Arun Das', 33, 'Male', 22);
INSERT INTO Voters VALUES (1103, 'Divya Sharma', 39, 'Female', 23);
INSERT INTO Voters VALUES (1104, 'Arun Kumar', 82, 'Male', 24);
INSERT INTO Voters VALUES (1105, 'Vikram Menon', 61, 'Female', 1);
INSERT INTO Voters VALUES (1106, 'Suresh Kumar', 57, 'Male', 2);
INSERT INTO Voters VALUES (1107, 'Arun Ramesh', 47, 'Female', 3);
INSERT INTO Voters VALUES (1108, 'Anjali Rao', 61, 'Male', 4);
INSERT INTO Voters VALUES (1109, 'Karthik Pillai', 27, 'Female', 5);
INSERT INTO Voters VALUES (1110, 'Karthik Varma', 57, 'Male', 6);
INSERT INTO Voters VALUES (1111, 'Arun Varma', 74, 'Female', 7);
INSERT INTO Voters VALUES (1112, 'Rahul Nair', 67, 'Male', 8);
INSERT INTO Voters VALUES (1113, 'Suresh Nair', 46, 'Female', 9);
INSERT INTO Voters VALUES (1114, 'Divya Iyer', 54, 'Male', 10);
INSERT INTO Voters VALUES (1115, 'Vikram Nair', 70, 'Female', 11);
INSERT INTO Voters VALUES (1116, 'Vikram Sharma', 62, 'Male', 12);
INSERT INTO Voters VALUES (1117, 'Arun Nair', 81, 'Female', 13);
INSERT INTO Voters VALUES (1118, 'Priya Pillai', 42, 'Male', 14);
INSERT INTO Voters VALUES (1119, 'Divya Kumar', 67, 'Female', 15);
INSERT INTO Voters VALUES (1120, 'Rahul Iyer', 80, 'Male', 16);
INSERT INTO Voters VALUES (1121, 'Vikram Iyer', 46, 'Female', 17);
INSERT INTO Voters VALUES (1122, 'Rahul Varma', 36, 'Male', 18);
INSERT INTO Voters VALUES (1123, 'Arun Nair', 90, 'Female', 19);
INSERT INTO Voters VALUES (1124, 'Divya Rao', 69, 'Male', 20);
INSERT INTO Voters VALUES (1125, 'Lakshmi Varma', 78, 'Female', 21);
INSERT INTO Voters VALUES (1126, 'Priya Sharma', 86, 'Male', 22);
INSERT INTO Voters VALUES (1127, 'Priya Rao', 35, 'Female', 23);
INSERT INTO Voters VALUES (1128, 'Karthik Pillai', 39, 'Male', 24);
INSERT INTO Voters VALUES (1129, 'Lakshmi Kumar', 22, 'Female', 1);
INSERT INTO Voters VALUES (1130, 'Anjali Menon', 60, 'Male', 2);
INSERT INTO Voters VALUES (1131, 'Vikram Ramesh', 22, 'Female', 3);
INSERT INTO Voters VALUES (1132, 'Suresh Kumar', 68, 'Male', 4);
INSERT INTO Voters VALUES (1133, 'Deepa Sharma', 31, 'Female', 5);
INSERT INTO Voters VALUES (1134, 'Lakshmi Varma', 32, 'Male', 6);
INSERT INTO Voters VALUES (1135, 'Divya Ramesh', 38, 'Female', 7);
INSERT INTO Voters VALUES (1136, 'Divya Nair', 54, 'Male', 8);
INSERT INTO Voters VALUES (1137, 'Suresh Sharma', 84, 'Female', 9);
INSERT INTO Voters VALUES (1138, 'Vikram Ramesh', 27, 'Male', 10);
INSERT INTO Voters VALUES (1139, 'Deepa Iyer', 59, 'Female', 11);
INSERT INTO Voters VALUES (1140, 'Anjali Sharma', 79, 'Male', 12);
INSERT INTO Voters VALUES (1141, 'Anjali Sharma', 85, 'Female', 13);
INSERT INTO Voters VALUES (1142, 'Divya Varma', 33, 'Male', 14);
INSERT INTO Voters VALUES (1143, 'Divya Ramesh', 82, 'Female', 15);
INSERT INTO Voters VALUES (1144, 'Karthik Kumar', 87, 'Male', 16);
INSERT INTO Voters VALUES (1145, 'Karthik Menon', 56, 'Female', 17);
INSERT INTO Voters VALUES (1146, 'Vikram Iyer', 77, 'Male', 18);
INSERT INTO Voters VALUES (1147, 'Anjali Rao', 86, 'Female', 19);
INSERT INTO Voters VALUES (1148, 'Deepa Sharma', 68, 'Male', 20);
INSERT INTO Voters VALUES (1149, 'Anjali Menon', 39, 'Female', 21);
INSERT INTO Voters VALUES (1150, 'Anjali Pillai', 39, 'Male', 22);
INSERT INTO Voters VALUES (1151, 'Priya Ramesh', 26, 'Female', 23);
INSERT INTO Voters VALUES (1152, 'Priya Nair', 59, 'Male', 24);
INSERT INTO Voters VALUES (1153, 'Arun Ramesh', 72, 'Female', 1);
INSERT INTO Voters VALUES (1154, 'Lakshmi Das', 52, 'Male', 2);
INSERT INTO Voters VALUES (1155, 'Anjali Varma', 69, 'Female', 3);
INSERT INTO Voters VALUES (1156, 'Priya Iyer', 28, 'Male', 4);
INSERT INTO Voters VALUES (1157, 'Rahul Menon', 63, 'Female', 5);
INSERT INTO Voters VALUES (1158, 'Rahul Kumar', 87, 'Male', 6);
INSERT INTO Voters VALUES (1159, 'Suresh Das', 56, 'Female', 7);
INSERT INTO Voters VALUES (1160, 'Deepa Menon', 28, 'Male', 8);
INSERT INTO Voters VALUES (1161, 'Divya Ramesh', 55, 'Female', 9);
INSERT INTO Voters VALUES (1162, 'Rahul Pillai', 49, 'Male', 10);
INSERT INTO Voters VALUES (1163, 'Anjali Nair', 20, 'Female', 11);
INSERT INTO Voters VALUES (1164, 'Deepa Varma', 55, 'Male', 12);
INSERT INTO Voters VALUES (1165, 'Arun Varma', 36, 'Female', 13);
INSERT INTO Voters VALUES (1166, 'Karthik Ramesh', 66, 'Male', 14);
INSERT INTO Voters VALUES (1167, 'Arun Nair', 20, 'Female', 15);
INSERT INTO Voters VALUES (1168, 'Deepa Varma', 41, 'Male', 16);
INSERT INTO Voters VALUES (1169, 'Lakshmi Ramesh', 59, 'Female', 17);
INSERT INTO Voters VALUES (1170, 'Priya Das', 59, 'Male', 18);
INSERT INTO Voters VALUES (1171, 'Divya Ramesh', 22, 'Female', 19);
INSERT INTO Voters VALUES (1172, 'Priya Nair', 52, 'Male', 20);
INSERT INTO Voters VALUES (1173, 'Divya Sharma', 39, 'Female', 21);
INSERT INTO Voters VALUES (1174, 'Rahul Sharma', 60, 'Male', 22);
INSERT INTO Voters VALUES (1175, 'Vikram Pillai', 54, 'Female', 23);
INSERT INTO Voters VALUES (1176, 'Karthik Das', 46, 'Male', 24);
INSERT INTO Voters VALUES (1177, 'Arun Nair', 73, 'Female', 1);
INSERT INTO Voters VALUES (1178, 'Vikram Varma', 88, 'Male', 2);
INSERT INTO Voters VALUES (1179, 'Arun Ramesh', 35, 'Female', 3);
INSERT INTO Voters VALUES (1180, 'Rahul Das', 70, 'Male', 4);
INSERT INTO Voters VALUES (1181, 'Suresh Ramesh', 87, 'Female', 5);
INSERT INTO Voters VALUES (1182, 'Anjali Sharma', 69, 'Male', 6);
INSERT INTO Voters VALUES (1183, 'Anjali Iyer', 57, 'Female', 7);
INSERT INTO Voters VALUES (1184, 'Lakshmi Sharma', 22, 'Male', 8);
INSERT INTO Voters VALUES (1185, 'Divya Varma', 54, 'Female', 9);
INSERT INTO Voters VALUES (1186, 'Divya Pillai', 46, 'Male', 10);
INSERT INTO Voters VALUES (1187, 'Priya Nair', 33, 'Female', 11);
INSERT INTO Voters VALUES (1188, 'Lakshmi Rao', 43, 'Male', 12);
INSERT INTO Voters VALUES (1189, 'Divya Nair', 70, 'Female', 13);
INSERT INTO Voters VALUES (1190, 'Vikram Menon', 67, 'Male', 14);
INSERT INTO Voters VALUES (1191, 'Priya Rao', 47, 'Female', 15);
INSERT INTO Voters VALUES (1192, 'Arun Nair', 27, 'Male', 16);
INSERT INTO Voters VALUES (1193, 'Lakshmi Ramesh', 33, 'Female', 17);
INSERT INTO Voters VALUES (1194, 'Arun Menon', 21, 'Male', 18);
INSERT INTO Voters VALUES (1195, 'Deepa Varma', 32, 'Female', 19);
INSERT INTO Voters VALUES (1196, 'Divya Nair', 31, 'Male', 20);
INSERT INTO Voters VALUES (1197, 'Deepa Nair', 32, 'Female', 21);
INSERT INTO Voters VALUES (1198, 'Anjali Nair', 90, 'Male', 22);
INSERT INTO Voters VALUES (1199, 'Divya Varma', 72, 'Female', 23);
INSERT INTO Voters VALUES (1200, 'Lakshmi Menon', 28, 'Male', 24);
-- Insert votes
INSERT INTO Votes VALUES (1, 1, 13);
INSERT INTO Votes VALUES (2, 2, 18);
INSERT INTO Votes VALUES (3, 3, 20);
INSERT INTO Votes VALUES (4, 4, 27);
INSERT INTO Votes VALUES (5, 5, 29);
INSERT INTO Votes VALUES (6, 6, 35);
INSERT INTO Votes VALUES (7, 7, 39);
INSERT INTO Votes VALUES (8, 8, 42);
INSERT INTO Votes VALUES (9, 9, 44);
INSERT INTO Votes VALUES (10, 10, 51);
INSERT INTO Votes VALUES (11, 11, 54);
INSERT INTO Votes VALUES (12, 12, 59);
INSERT INTO Votes VALUES (13, 13, 63);
INSERT INTO Votes VALUES (14, 14, 65);
INSERT INTO Votes VALUES (15, 15, 69);
INSERT INTO Votes VALUES (16, 16, 74);
INSERT INTO Votes VALUES (17, 17, 79);
INSERT INTO Votes VALUES (18, 18, 82);
INSERT INTO Votes VALUES (19, 19, 87);
INSERT INTO Votes VALUES (20, 20, 89);
INSERT INTO Votes VALUES (21, 21, 92);
INSERT INTO Votes VALUES (22, 22, 97);
INSERT INTO Votes VALUES (23, 23, 102);
INSERT INTO Votes VALUES (24, 24, 107);
INSERT INTO Votes VALUES (25, 25, 14);
INSERT INTO Votes VALUES (26, 26, 17);
INSERT INTO Votes VALUES (27, 27, 20);
INSERT INTO Votes VALUES (28, 28, 24);
INSERT INTO Votes VALUES (29, 29, 31);
INSERT INTO Votes VALUES (30, 30, 34);
INSERT INTO Votes VALUES (31, 31, 39);
INSERT INTO Votes VALUES (32, 32, 42);
INSERT INTO Votes VALUES (33, 33, 45);
INSERT INTO Votes VALUES (34, 34, 48);
INSERT INTO Votes VALUES (35, 35, 55);
INSERT INTO Votes VALUES (36, 36, 59);
INSERT INTO Votes VALUES (37, 37, 60);
INSERT INTO Votes VALUES (38, 38, 66);
INSERT INTO Votes VALUES (39, 39, 71);
INSERT INTO Votes VALUES (40, 40, 72);
INSERT INTO Votes VALUES (41, 41, 78);
INSERT INTO Votes VALUES (42, 42, 80);
INSERT INTO Votes VALUES (43, 43, 87);
INSERT INTO Votes VALUES (44, 44, 88);
INSERT INTO Votes VALUES (45, 45, 95);
INSERT INTO Votes VALUES (46, 46, 96);
INSERT INTO Votes VALUES (47, 47, 103);
INSERT INTO Votes VALUES (48, 48, 104);
INSERT INTO Votes VALUES (49, 49, 14);
INSERT INTO Votes VALUES (50, 50, 16);
INSERT INTO Votes VALUES (51, 51, 21);
INSERT INTO Votes VALUES (52, 52, 24);
INSERT INTO Votes VALUES (53, 53, 28);
INSERT INTO Votes VALUES (54, 54, 33);
INSERT INTO Votes VALUES (55, 55, 36);
INSERT INTO Votes VALUES (56, 56, 40);
INSERT INTO Votes VALUES (57, 57, 44);
INSERT INTO Votes VALUES (58, 58, 51);
INSERT INTO Votes VALUES (59, 59, 54);
INSERT INTO Votes VALUES (60, 60, 59);
INSERT INTO Votes VALUES (61, 61, 62);
INSERT INTO Votes VALUES (62, 62, 65);
INSERT INTO Votes VALUES (63, 63, 70);
INSERT INTO Votes VALUES (64, 64, 73);
INSERT INTO Votes VALUES (65, 65, 79);
INSERT INTO Votes VALUES (66, 66, 82);
INSERT INTO Votes VALUES (67, 67, 87);
INSERT INTO Votes VALUES (68, 68, 91);
INSERT INTO Votes VALUES (69, 69, 95);
INSERT INTO Votes VALUES (70, 70, 98);
INSERT INTO Votes VALUES (71, 71, 101);
INSERT INTO Votes VALUES (72, 72, 106);
INSERT INTO Votes VALUES (73, 73, 14);
INSERT INTO Votes VALUES (74, 74, 17);
INSERT INTO Votes VALUES (75, 75, 23);
INSERT INTO Votes VALUES (76, 76, 27);
INSERT INTO Votes VALUES (77, 77, 29);
INSERT INTO Votes VALUES (78, 78, 34);
INSERT INTO Votes VALUES (79, 79, 38);
INSERT INTO Votes VALUES (80, 80, 41);
INSERT INTO Votes VALUES (81, 81, 47);
INSERT INTO Votes VALUES (82, 82, 48);
INSERT INTO Votes VALUES (83, 83, 53);
INSERT INTO Votes VALUES (84, 84, 57);
INSERT INTO Votes VALUES (85, 85, 61);
INSERT INTO Votes VALUES (86, 86, 65);
INSERT INTO Votes VALUES (87, 87, 71);
INSERT INTO Votes VALUES (88, 88, 74);
INSERT INTO Votes VALUES (89, 89, 78);
INSERT INTO Votes VALUES (90, 90, 80);
INSERT INTO Votes VALUES (91, 91, 85);
INSERT INTO Votes VALUES (92, 92, 91);
INSERT INTO Votes VALUES (93, 93, 94);
INSERT INTO Votes VALUES (94, 94, 99);
INSERT INTO Votes VALUES (95, 95, 103);
INSERT INTO Votes VALUES (96, 96, 105);
INSERT INTO Votes VALUES (97, 97, 14);
INSERT INTO Votes VALUES (98, 98, 19);
INSERT INTO Votes VALUES (99, 99, 21);
INSERT INTO Votes VALUES (100, 100, 26);
INSERT INTO Votes VALUES (101, 101, 30);
INSERT INTO Votes VALUES (102, 102, 32);
INSERT INTO Votes VALUES (103, 103, 37);
INSERT INTO Votes VALUES (104, 104, 43);
INSERT INTO Votes VALUES (105, 105, 44);
INSERT INTO Votes VALUES (106, 106, 49);
INSERT INTO Votes VALUES (107, 107, 52);
INSERT INTO Votes VALUES (108, 108, 59);
INSERT INTO Votes VALUES (109, 109, 62);
INSERT INTO Votes VALUES (110, 110, 64);
INSERT INTO Votes VALUES (111, 111, 70);
INSERT INTO Votes VALUES (112, 112, 74);
INSERT INTO Votes VALUES (113, 113, 77);
INSERT INTO Votes VALUES (114, 114, 81);
INSERT INTO Votes VALUES (115, 115, 85);
INSERT INTO Votes VALUES (116, 116, 91);
INSERT INTO Votes VALUES (117, 117, 92);
INSERT INTO Votes VALUES (118, 118, 98);
INSERT INTO Votes VALUES (119, 119, 100);
INSERT INTO Votes VALUES (120, 120, 105);
INSERT INTO Votes VALUES (121, 121, 13);
INSERT INTO Votes VALUES (122, 122, 19);
INSERT INTO Votes VALUES (123, 123, 22);
INSERT INTO Votes VALUES (124, 124, 26);
INSERT INTO Votes VALUES (125, 125, 30);
INSERT INTO Votes VALUES (126, 126, 33);
INSERT INTO Votes VALUES (127, 127, 37);
INSERT INTO Votes VALUES (128, 128, 41);
INSERT INTO Votes VALUES (129, 129, 47);
INSERT INTO Votes VALUES (130, 130, 51);
INSERT INTO Votes VALUES (131, 131, 53);
INSERT INTO Votes VALUES (132, 132, 58);
INSERT INTO Votes VALUES (133, 133, 63);
INSERT INTO Votes VALUES (134, 134, 64);
INSERT INTO Votes VALUES (135, 135, 69);
INSERT INTO Votes VALUES (136, 136, 72);
INSERT INTO Votes VALUES (137, 137, 79);
INSERT INTO Votes VALUES (138, 138, 82);
INSERT INTO Votes VALUES (139, 139, 85);
INSERT INTO Votes VALUES (140, 140, 89);
INSERT INTO Votes VALUES (141, 141, 92);
INSERT INTO Votes VALUES (142, 142, 99);
INSERT INTO Votes VALUES (143, 143, 100);
INSERT INTO Votes VALUES (144, 144, 106);
INSERT INTO Votes VALUES (145, 145, 14);
INSERT INTO Votes VALUES (146, 146, 16);
INSERT INTO Votes VALUES (147, 147, 21);
INSERT INTO Votes VALUES (148, 148, 26);
INSERT INTO Votes VALUES (149, 149, 28);
INSERT INTO Votes VALUES (150, 150, 35);
INSERT INTO Votes VALUES (151, 151, 37);
INSERT INTO Votes VALUES (152, 152, 42);
INSERT INTO Votes VALUES (153, 153, 45);
INSERT INTO Votes VALUES (154, 154, 50);
INSERT INTO Votes VALUES (155, 155, 52);
INSERT INTO Votes VALUES (156, 156, 56);
INSERT INTO Votes VALUES (157, 157, 63);
INSERT INTO Votes VALUES (158, 158, 64);
INSERT INTO Votes VALUES (159, 159, 68);
INSERT INTO Votes VALUES (160, 160, 75);
INSERT INTO Votes VALUES (161, 161, 78);
INSERT INTO Votes VALUES (162, 162, 80);
INSERT INTO Votes VALUES (163, 163, 85);
INSERT INTO Votes VALUES (164, 164, 89);
INSERT INTO Votes VALUES (165, 165, 95);
INSERT INTO Votes VALUES (166, 166, 98);
INSERT INTO Votes VALUES (167, 167, 103);
INSERT INTO Votes VALUES (168, 168, 106);
INSERT INTO Votes VALUES (169, 169, 14);
INSERT INTO Votes VALUES (170, 170, 18);
INSERT INTO Votes VALUES (171, 171, 22);
INSERT INTO Votes VALUES (172, 172, 24);
INSERT INTO Votes VALUES (173, 173, 31);
INSERT INTO Votes VALUES (174, 174, 35);
INSERT INTO Votes VALUES (175, 175, 37);
INSERT INTO Votes VALUES (176, 176, 41);
INSERT INTO Votes VALUES (177, 177, 44);
INSERT INTO Votes VALUES (178, 178, 48);
INSERT INTO Votes VALUES (179, 179, 55);
INSERT INTO Votes VALUES (180, 180, 59);
INSERT INTO Votes VALUES (181, 181, 60);
INSERT INTO Votes VALUES (182, 182, 67);
INSERT INTO Votes VALUES (183, 183, 70);
INSERT INTO Votes VALUES (184, 184, 72);
INSERT INTO Votes VALUES (185, 185, 79);
INSERT INTO Votes VALUES (186, 186, 80);
INSERT INTO Votes VALUES (187, 187, 84);
INSERT INTO Votes VALUES (188, 188, 90);
INSERT INTO Votes VALUES (189, 189, 95);
INSERT INTO Votes VALUES (190, 190, 96);
INSERT INTO Votes VALUES (191, 191, 102);
INSERT INTO Votes VALUES (192, 192, 104);
INSERT INTO Votes VALUES (193, 193, 13);
INSERT INTO Votes VALUES (194, 194, 19);
INSERT INTO Votes VALUES (195, 195, 21);
INSERT INTO Votes VALUES (196, 196, 25);
INSERT INTO Votes VALUES (197, 197, 31);
INSERT INTO Votes VALUES (198, 198, 34);
INSERT INTO Votes VALUES (199, 199, 37);
INSERT INTO Votes VALUES (200, 200, 42);
INSERT INTO Votes VALUES (201, 201, 45);
INSERT INTO Votes VALUES (202, 202, 50);
INSERT INTO Votes VALUES (203, 203, 54);
INSERT INTO Votes VALUES (204, 204, 57);
INSERT INTO Votes VALUES (205, 205, 60);
INSERT INTO Votes VALUES (206, 206, 67);
INSERT INTO Votes VALUES (207, 207, 68);
INSERT INTO Votes VALUES (208, 208, 74);
INSERT INTO Votes VALUES (209, 209, 79);
INSERT INTO Votes VALUES (210, 210, 80);
INSERT INTO Votes VALUES (211, 211, 87);
INSERT INTO Votes VALUES (212, 212, 91);
INSERT INTO Votes VALUES (213, 213, 93);
INSERT INTO Votes VALUES (214, 214, 96);
INSERT INTO Votes VALUES (215, 215, 100);
INSERT INTO Votes VALUES (216, 216, 105);
INSERT INTO Votes VALUES (217, 217, 14);
INSERT INTO Votes VALUES (218, 218, 17);
INSERT INTO Votes VALUES (219, 219, 21);
INSERT INTO Votes VALUES (220, 220, 24);
INSERT INTO Votes VALUES (221, 221, 30);
INSERT INTO Votes VALUES (222, 222, 32);
INSERT INTO Votes VALUES (223, 223, 37);
INSERT INTO Votes VALUES (224, 224, 40);
INSERT INTO Votes VALUES (225, 225, 47);
INSERT INTO Votes VALUES (226, 226, 48);
INSERT INTO Votes VALUES (227, 227, 53);
INSERT INTO Votes VALUES (228, 228, 59);
INSERT INTO Votes VALUES (229, 229, 62);
INSERT INTO Votes VALUES (230, 230, 65);
INSERT INTO Votes VALUES (231, 231, 71);
INSERT INTO Votes VALUES (232, 232, 74);
INSERT INTO Votes VALUES (233, 233, 78);
INSERT INTO Votes VALUES (234, 234, 82);
INSERT INTO Votes VALUES (235, 235, 86);
INSERT INTO Votes VALUES (236, 236, 88);
INSERT INTO Votes VALUES (237, 237, 93);
INSERT INTO Votes VALUES (238, 238, 96);
INSERT INTO Votes VALUES (239, 239, 103);
INSERT INTO Votes VALUES (240, 240, 104);
INSERT INTO Votes VALUES (241, 241, 15);
INSERT INTO Votes VALUES (242, 242, 17);
INSERT INTO Votes VALUES (243, 243, 20);
INSERT INTO Votes VALUES (244, 244, 25);
INSERT INTO Votes VALUES (245, 245, 29);
INSERT INTO Votes VALUES (246, 246, 32);
INSERT INTO Votes VALUES (247, 247, 39);
INSERT INTO Votes VALUES (248, 248, 42);
INSERT INTO Votes VALUES (249, 249, 44);
INSERT INTO Votes VALUES (250, 250, 49);
INSERT INTO Votes VALUES (251, 251, 53);
INSERT INTO Votes VALUES (252, 252, 58);
INSERT INTO Votes VALUES (253, 253, 60);
INSERT INTO Votes VALUES (254, 254, 67);
INSERT INTO Votes VALUES (255, 255, 69);
INSERT INTO Votes VALUES (256, 256, 75);
INSERT INTO Votes VALUES (257, 257, 78);
INSERT INTO Votes VALUES (258, 258, 83);
INSERT INTO Votes VALUES (259, 259, 86);
INSERT INTO Votes VALUES (260, 260, 90);
INSERT INTO Votes VALUES (261, 261, 93);
INSERT INTO Votes VALUES (262, 262, 97);
INSERT INTO Votes VALUES (263, 263, 103);
INSERT INTO Votes VALUES (264, 264, 104);
INSERT INTO Votes VALUES (265, 265, 13);
INSERT INTO Votes VALUES (266, 266, 17);
INSERT INTO Votes VALUES (267, 267, 21);
INSERT INTO Votes VALUES (268, 268, 24);
INSERT INTO Votes VALUES (269, 269, 30);
INSERT INTO Votes VALUES (270, 270, 34);
INSERT INTO Votes VALUES (271, 271, 38);
INSERT INTO Votes VALUES (272, 272, 40);
INSERT INTO Votes VALUES (273, 273, 44);
INSERT INTO Votes VALUES (274, 274, 50);
INSERT INTO Votes VALUES (275, 275, 55);
INSERT INTO Votes VALUES (276, 276, 59);
INSERT INTO Votes VALUES (277, 277, 60);
INSERT INTO Votes VALUES (278, 278, 66);
INSERT INTO Votes VALUES (279, 279, 70);
INSERT INTO Votes VALUES (280, 280, 74);
INSERT INTO Votes VALUES (281, 281, 77);
INSERT INTO Votes VALUES (282, 282, 80);
INSERT INTO Votes VALUES (283, 283, 86);
INSERT INTO Votes VALUES (284, 284, 90);
INSERT INTO Votes VALUES (285, 285, 93);
INSERT INTO Votes VALUES (286, 286, 96);
INSERT INTO Votes VALUES (287, 287, 101);
INSERT INTO Votes VALUES (288, 288, 107);
INSERT INTO Votes VALUES (289, 289, 15);
INSERT INTO Votes VALUES (290, 290, 19);
INSERT INTO Votes VALUES (291, 291, 23);
INSERT INTO Votes VALUES (292, 292, 27);
INSERT INTO Votes VALUES (293, 293, 31);
INSERT INTO Votes VALUES (294, 294, 33);
INSERT INTO Votes VALUES (295, 295, 38);
INSERT INTO Votes VALUES (296, 296, 41);
INSERT INTO Votes VALUES (297, 297, 46);
INSERT INTO Votes VALUES (298, 298, 51);
INSERT INTO Votes VALUES (299, 299, 55);
INSERT INTO Votes VALUES (300, 300, 58);
INSERT INTO Votes VALUES (301, 301, 60);
INSERT INTO Votes VALUES (302, 302, 64);
INSERT INTO Votes VALUES (303, 303, 69);
INSERT INTO Votes VALUES (304, 304, 75);
INSERT INTO Votes VALUES (305, 305, 77);
INSERT INTO Votes VALUES (306, 306, 81);
INSERT INTO Votes VALUES (307, 307, 86);
INSERT INTO Votes VALUES (308, 308, 88);
INSERT INTO Votes VALUES (309, 309, 93);
INSERT INTO Votes VALUES (310, 310, 97);
INSERT INTO Votes VALUES (311, 311, 102);
INSERT INTO Votes VALUES (312, 312, 106);
INSERT INTO Votes VALUES (313, 313, 14);
INSERT INTO Votes VALUES (314, 314, 16);
INSERT INTO Votes VALUES (315, 315, 21);
INSERT INTO Votes VALUES (316, 316, 27);
INSERT INTO Votes VALUES (317, 317, 28);
INSERT INTO Votes VALUES (318, 318, 35);
INSERT INTO Votes VALUES (319, 319, 37);
INSERT INTO Votes VALUES (320, 320, 42);
INSERT INTO Votes VALUES (321, 321, 46);
INSERT INTO Votes VALUES (322, 322, 49);
INSERT INTO Votes VALUES (323, 323, 52);
INSERT INTO Votes VALUES (324, 324, 56);
INSERT INTO Votes VALUES (325, 325, 60);
INSERT INTO Votes VALUES (326, 326, 65);
INSERT INTO Votes VALUES (327, 327, 71);
INSERT INTO Votes VALUES (328, 328, 72);
INSERT INTO Votes VALUES (329, 329, 77);
INSERT INTO Votes VALUES (330, 330, 80);
INSERT INTO Votes VALUES (331, 331, 84);
INSERT INTO Votes VALUES (332, 332, 88);
INSERT INTO Votes VALUES (333, 333, 93);
INSERT INTO Votes VALUES (334, 334, 97);
INSERT INTO Votes VALUES (335, 335, 102);
INSERT INTO Votes VALUES (336, 336, 107);
INSERT INTO Votes VALUES (337, 337, 12);
INSERT INTO Votes VALUES (338, 338, 18);
INSERT INTO Votes VALUES (339, 339, 20);
INSERT INTO Votes VALUES (340, 340, 25);
INSERT INTO Votes VALUES (341, 341, 28);
INSERT INTO Votes VALUES (342, 342, 32);
INSERT INTO Votes VALUES (343, 343, 39);
INSERT INTO Votes VALUES (344, 344, 43);
INSERT INTO Votes VALUES (345, 345, 46);
INSERT INTO Votes VALUES (346, 346, 51);
INSERT INTO Votes VALUES (347, 347, 53);
INSERT INTO Votes VALUES (348, 348, 58);
INSERT INTO Votes VALUES (349, 349, 62);
INSERT INTO Votes VALUES (350, 350, 64);
INSERT INTO Votes VALUES (351, 351, 69);
INSERT INTO Votes VALUES (352, 352, 72);
INSERT INTO Votes VALUES (353, 353, 77);
INSERT INTO Votes VALUES (354, 354, 81);
INSERT INTO Votes VALUES (355, 355, 87);
INSERT INTO Votes VALUES (356, 356, 88);
INSERT INTO Votes VALUES (357, 357, 93);
INSERT INTO Votes VALUES (358, 358, 99);
INSERT INTO Votes VALUES (359, 359, 103);
INSERT INTO Votes VALUES (360, 360, 104);
INSERT INTO Votes VALUES (361, 361, 14);
INSERT INTO Votes VALUES (362, 362, 18);
INSERT INTO Votes VALUES (363, 363, 20);
INSERT INTO Votes VALUES (364, 364, 25);
INSERT INTO Votes VALUES (365, 365, 31);
INSERT INTO Votes VALUES (366, 366, 32);
INSERT INTO Votes VALUES (367, 367, 37);
INSERT INTO Votes VALUES (368, 368, 41);
INSERT INTO Votes VALUES (369, 369, 45);
INSERT INTO Votes VALUES (370, 370, 49);
INSERT INTO Votes VALUES (371, 371, 54);
INSERT INTO Votes VALUES (372, 372, 58);
INSERT INTO Votes VALUES (373, 373, 62);
INSERT INTO Votes VALUES (374, 374, 65);
INSERT INTO Votes VALUES (375, 375, 71);
INSERT INTO Votes VALUES (376, 376, 72);
INSERT INTO Votes VALUES (377, 377, 77);
INSERT INTO Votes VALUES (378, 378, 81);
INSERT INTO Votes VALUES (379, 379, 87);
INSERT INTO Votes VALUES (380, 380, 90);
INSERT INTO Votes VALUES (381, 381, 93);
INSERT INTO Votes VALUES (382, 382, 98);
INSERT INTO Votes VALUES (383, 383, 100);
INSERT INTO Votes VALUES (384, 384, 107);
INSERT INTO Votes VALUES (385, 385, 14);
INSERT INTO Votes VALUES (386, 386, 17);
INSERT INTO Votes VALUES (387, 387, 22);
INSERT INTO Votes VALUES (388, 388, 24);
INSERT INTO Votes VALUES (389, 389, 29);
INSERT INTO Votes VALUES (390, 390, 34);
INSERT INTO Votes VALUES (391, 391, 38);
INSERT INTO Votes VALUES (392, 392, 42);
INSERT INTO Votes VALUES (393, 393, 45);
INSERT INTO Votes VALUES (394, 394, 50);
INSERT INTO Votes VALUES (395, 395, 53);
INSERT INTO Votes VALUES (396, 396, 57);
INSERT INTO Votes VALUES (397, 397, 63);
INSERT INTO Votes VALUES (398, 398, 64);
INSERT INTO Votes VALUES (399, 399, 71);
INSERT INTO Votes VALUES (400, 400, 74);
INSERT INTO Votes VALUES (401, 401, 77);
INSERT INTO Votes VALUES (402, 402, 81);
INSERT INTO Votes VALUES (403, 403, 85);
INSERT INTO Votes VALUES (404, 404, 91);
INSERT INTO Votes VALUES (405, 405, 94);
INSERT INTO Votes VALUES (406, 406, 97);
INSERT INTO Votes VALUES (407, 407, 100);
INSERT INTO Votes VALUES (408, 408, 105);
INSERT INTO Votes VALUES (409, 409, 12);
INSERT INTO Votes VALUES (410, 410, 19);
INSERT INTO Votes VALUES (411, 411, 20);
INSERT INTO Votes VALUES (412, 412, 27);
INSERT INTO Votes VALUES (413, 413, 28);
INSERT INTO Votes VALUES (414, 414, 32);
INSERT INTO Votes VALUES (415, 415, 37);
INSERT INTO Votes VALUES (416, 416, 42);
INSERT INTO Votes VALUES (417, 417, 45);
INSERT INTO Votes VALUES (418, 418, 50);
INSERT INTO Votes VALUES (419, 419, 52);
INSERT INTO Votes VALUES (420, 420, 57);
INSERT INTO Votes VALUES (421, 421, 62);
INSERT INTO Votes VALUES (422, 422, 64);
INSERT INTO Votes VALUES (423, 423, 71);
INSERT INTO Votes VALUES (424, 424, 75);
INSERT INTO Votes VALUES (425, 425, 78);
INSERT INTO Votes VALUES (426, 426, 83);
INSERT INTO Votes VALUES (427, 427, 85);
INSERT INTO Votes VALUES (428, 428, 90);
INSERT INTO Votes VALUES (429, 429, 94);
INSERT INTO Votes VALUES (430, 430, 98);
INSERT INTO Votes VALUES (431, 431, 100);
INSERT INTO Votes VALUES (432, 432, 104);
INSERT INTO Votes VALUES (433, 433, 14);
INSERT INTO Votes VALUES (434, 434, 16);
INSERT INTO Votes VALUES (435, 435, 20);
INSERT INTO Votes VALUES (436, 436, 24);
INSERT INTO Votes VALUES (437, 437, 28);
INSERT INTO Votes VALUES (438, 438, 34);
INSERT INTO Votes VALUES (439, 439, 37);
INSERT INTO Votes VALUES (440, 440, 40);
INSERT INTO Votes VALUES (441, 441, 46);
INSERT INTO Votes VALUES (442, 442, 51);
INSERT INTO Votes VALUES (443, 443, 54);
INSERT INTO Votes VALUES (444, 444, 57);
INSERT INTO Votes VALUES (445, 445, 60);
INSERT INTO Votes VALUES (446, 446, 64);
INSERT INTO Votes VALUES (447, 447, 68);
INSERT INTO Votes VALUES (448, 448, 75);
INSERT INTO Votes VALUES (449, 449, 76);
INSERT INTO Votes VALUES (450, 450, 81);
INSERT INTO Votes VALUES (451, 451, 85);
INSERT INTO Votes VALUES (452, 452, 90);
INSERT INTO Votes VALUES (453, 453, 93);
INSERT INTO Votes VALUES (454, 454, 99);
INSERT INTO Votes VALUES (455, 455, 100);
INSERT INTO Votes VALUES (456, 456, 106);
INSERT INTO Votes VALUES (457, 457, 13);
INSERT INTO Votes VALUES (458, 458, 17);
INSERT INTO Votes VALUES (459, 459, 23);
INSERT INTO Votes VALUES (460, 460, 24);
INSERT INTO Votes VALUES (461, 461, 28);
INSERT INTO Votes VALUES (462, 462, 33);
INSERT INTO Votes VALUES (463, 463, 39);
INSERT INTO Votes VALUES (464, 464, 41);
INSERT INTO Votes VALUES (465, 465, 46);
INSERT INTO Votes VALUES (466, 466, 49);
INSERT INTO Votes VALUES (467, 467, 54);
INSERT INTO Votes VALUES (468, 468, 56);
INSERT INTO Votes VALUES (469, 469, 63);
INSERT INTO Votes VALUES (470, 470, 67);
INSERT INTO Votes VALUES (471, 471, 71);
INSERT INTO Votes VALUES (472, 472, 73);
INSERT INTO Votes VALUES (473, 473, 77);
INSERT INTO Votes VALUES (474, 474, 80);
INSERT INTO Votes VALUES (475, 475, 84);
INSERT INTO Votes VALUES (476, 476, 88);
INSERT INTO Votes VALUES (477, 477, 95);
INSERT INTO Votes VALUES (478, 478, 98);
INSERT INTO Votes VALUES (479, 479, 101);
INSERT INTO Votes VALUES (480, 480, 107);
INSERT INTO Votes VALUES (481, 481, 12);
INSERT INTO Votes VALUES (482, 482, 16);
INSERT INTO Votes VALUES (483, 483, 20);
INSERT INTO Votes VALUES (484, 484, 27);
INSERT INTO Votes VALUES (485, 485, 29);
INSERT INTO Votes VALUES (486, 486, 34);
INSERT INTO Votes VALUES (487, 487, 38);
INSERT INTO Votes VALUES (488, 488, 40);
INSERT INTO Votes VALUES (489, 489, 46);
INSERT INTO Votes VALUES (490, 490, 48);
INSERT INTO Votes VALUES (491, 491, 55);
INSERT INTO Votes VALUES (492, 492, 56);
INSERT INTO Votes VALUES (493, 493, 62);
INSERT INTO Votes VALUES (494, 494, 66);
INSERT INTO Votes VALUES (495, 495, 70);
INSERT INTO Votes VALUES (496, 496, 73);
INSERT INTO Votes VALUES (497, 497, 78);
INSERT INTO Votes VALUES (498, 498, 82);
INSERT INTO Votes VALUES (499, 499, 86);
INSERT INTO Votes VALUES (500, 500, 91);
INSERT INTO Votes VALUES (501, 501, 95);
INSERT INTO Votes VALUES (502, 502, 96);
INSERT INTO Votes VALUES (503, 503, 100);
INSERT INTO Votes VALUES (504, 504, 107);
INSERT INTO Votes VALUES (505, 505, 14);
INSERT INTO Votes VALUES (506, 506, 16);
INSERT INTO Votes VALUES (507, 507, 22);
INSERT INTO Votes VALUES (508, 508, 24);
INSERT INTO Votes VALUES (509, 509, 29);
INSERT INTO Votes VALUES (510, 510, 33);
INSERT INTO Votes VALUES (511, 511, 37);
INSERT INTO Votes VALUES (512, 512, 41);
INSERT INTO Votes VALUES (513, 513, 44);
INSERT INTO Votes VALUES (514, 514, 49);
INSERT INTO Votes VALUES (515, 515, 52);
INSERT INTO Votes VALUES (516, 516, 58);
INSERT INTO Votes VALUES (517, 517, 63);
INSERT INTO Votes VALUES (518, 518, 66);
INSERT INTO Votes VALUES (519, 519, 71);
INSERT INTO Votes VALUES (520, 520, 73);
INSERT INTO Votes VALUES (521, 521, 76);
INSERT INTO Votes VALUES (522, 522, 80);
INSERT INTO Votes VALUES (523, 523, 86);
INSERT INTO Votes VALUES (524, 524, 89);
INSERT INTO Votes VALUES (525, 525, 92);
INSERT INTO Votes VALUES (526, 526, 97);
INSERT INTO Votes VALUES (527, 527, 100);
INSERT INTO Votes VALUES (528, 528, 106);
INSERT INTO Votes VALUES (529, 529, 12);
INSERT INTO Votes VALUES (530, 530, 19);
INSERT INTO Votes VALUES (531, 531, 20);
INSERT INTO Votes VALUES (532, 532, 27);
INSERT INTO Votes VALUES (533, 533, 29);
INSERT INTO Votes VALUES (534, 534, 32);
INSERT INTO Votes VALUES (535, 535, 36);
INSERT INTO Votes VALUES (536, 536, 40);
INSERT INTO Votes VALUES (537, 537, 44);
INSERT INTO Votes VALUES (538, 538, 50);
INSERT INTO Votes VALUES (539, 539, 53);
INSERT INTO Votes VALUES (540, 540, 58);
INSERT INTO Votes VALUES (541, 541, 63);
INSERT INTO Votes VALUES (542, 542, 67);
INSERT INTO Votes VALUES (543, 543, 69);
INSERT INTO Votes VALUES (544, 544, 73);
INSERT INTO Votes VALUES (545, 545, 76);
INSERT INTO Votes VALUES (546, 546, 80);
INSERT INTO Votes VALUES (547, 547, 87);
INSERT INTO Votes VALUES (548, 548, 89);
INSERT INTO Votes VALUES (549, 549, 92);
INSERT INTO Votes VALUES (550, 550, 99);
INSERT INTO Votes VALUES (551, 551, 103);
INSERT INTO Votes VALUES (552, 552, 106);
INSERT INTO Votes VALUES (553, 553, 13);
INSERT INTO Votes VALUES (554, 554, 18);
INSERT INTO Votes VALUES (555, 555, 21);
INSERT INTO Votes VALUES (556, 556, 26);
INSERT INTO Votes VALUES (557, 557, 31);
INSERT INTO Votes VALUES (558, 558, 34);
INSERT INTO Votes VALUES (559, 559, 38);
INSERT INTO Votes VALUES (560, 560, 42);
INSERT INTO Votes VALUES (561, 561, 47);
INSERT INTO Votes VALUES (562, 562, 49);
INSERT INTO Votes VALUES (563, 563, 54);
INSERT INTO Votes VALUES (564, 564, 58);
INSERT INTO Votes VALUES (565, 565, 62);
INSERT INTO Votes VALUES (566, 566, 67);
INSERT INTO Votes VALUES (567, 567, 70);
INSERT INTO Votes VALUES (568, 568, 75);
INSERT INTO Votes VALUES (569, 569, 78);
INSERT INTO Votes VALUES (570, 570, 82);
INSERT INTO Votes VALUES (571, 571, 85);
INSERT INTO Votes VALUES (572, 572, 89);
INSERT INTO Votes VALUES (573, 573, 92);
INSERT INTO Votes VALUES (574, 574, 99);
INSERT INTO Votes VALUES (575, 575, 103);
INSERT INTO Votes VALUES (576, 576, 104);
INSERT INTO Votes VALUES (577, 577, 13);
INSERT INTO Votes VALUES (578, 578, 18);
INSERT INTO Votes VALUES (579, 579, 23);
INSERT INTO Votes VALUES (580, 580, 25);
INSERT INTO Votes VALUES (581, 581, 28);
INSERT INTO Votes VALUES (582, 582, 33);
INSERT INTO Votes VALUES (583, 583, 37);
INSERT INTO Votes VALUES (584, 584, 41);
INSERT INTO Votes VALUES (585, 585, 45);
INSERT INTO Votes VALUES (586, 586, 49);
INSERT INTO Votes VALUES (587, 587, 52);
INSERT INTO Votes VALUES (588, 588, 59);
INSERT INTO Votes VALUES (589, 589, 62);
INSERT INTO Votes VALUES (590, 590, 64);
INSERT INTO Votes VALUES (591, 591, 71);
INSERT INTO Votes VALUES (592, 592, 74);
INSERT INTO Votes VALUES (593, 593, 77);
INSERT INTO Votes VALUES (594, 594, 80);
INSERT INTO Votes VALUES (595, 595, 87);
INSERT INTO Votes VALUES (596, 596, 90);
INSERT INTO Votes VALUES (597, 597, 94);
INSERT INTO Votes VALUES (598, 598, 97);
INSERT INTO Votes VALUES (599, 599, 103);
INSERT INTO Votes VALUES (600, 600, 106);
INSERT INTO Votes VALUES (601, 601, 15);
INSERT INTO Votes VALUES (602, 602, 17);
INSERT INTO Votes VALUES (603, 603, 21);
INSERT INTO Votes VALUES (604, 604, 26);
INSERT INTO Votes VALUES (605, 605, 28);
INSERT INTO Votes VALUES (606, 606, 35);
INSERT INTO Votes VALUES (607, 607, 39);
INSERT INTO Votes VALUES (608, 608, 40);
INSERT INTO Votes VALUES (609, 609, 47);
INSERT INTO Votes VALUES (610, 610, 49);
INSERT INTO Votes VALUES (611, 611, 53);
INSERT INTO Votes VALUES (612, 612, 57);
INSERT INTO Votes VALUES (613, 613, 62);
INSERT INTO Votes VALUES (614, 614, 67);
INSERT INTO Votes VALUES (615, 615, 69);
INSERT INTO Votes VALUES (616, 616, 75);
INSERT INTO Votes VALUES (617, 617, 77);
INSERT INTO Votes VALUES (618, 618, 81);
INSERT INTO Votes VALUES (619, 619, 84);
INSERT INTO Votes VALUES (620, 620, 88);
INSERT INTO Votes VALUES (621, 621, 93);
INSERT INTO Votes VALUES (622, 622, 98);
INSERT INTO Votes VALUES (623, 623, 102);
INSERT INTO Votes VALUES (624, 624, 106);
INSERT INTO Votes VALUES (625, 625, 15);
INSERT INTO Votes VALUES (626, 626, 16);
INSERT INTO Votes VALUES (627, 627, 23);
INSERT INTO Votes VALUES (628, 628, 24);
INSERT INTO Votes VALUES (629, 629, 31);
INSERT INTO Votes VALUES (630, 630, 33);
INSERT INTO Votes VALUES (631, 631, 37);
INSERT INTO Votes VALUES (632, 632, 43);
INSERT INTO Votes VALUES (633, 633, 47);
INSERT INTO Votes VALUES (634, 634, 48);
INSERT INTO Votes VALUES (635, 635, 54);
INSERT INTO Votes VALUES (636, 636, 56);
INSERT INTO Votes VALUES (637, 637, 63);
INSERT INTO Votes VALUES (638, 638, 66);
INSERT INTO Votes VALUES (639, 639, 68);
INSERT INTO Votes VALUES (640, 640, 74);
INSERT INTO Votes VALUES (641, 641, 78);
INSERT INTO Votes VALUES (642, 642, 81);
INSERT INTO Votes VALUES (643, 643, 86);
INSERT INTO Votes VALUES (644, 644, 90);
INSERT INTO Votes VALUES (645, 645, 93);
INSERT INTO Votes VALUES (646, 646, 99);
INSERT INTO Votes VALUES (647, 647, 102);
INSERT INTO Votes VALUES (648, 648, 105);
INSERT INTO Votes VALUES (649, 649, 14);
INSERT INTO Votes VALUES (650, 650, 18);
INSERT INTO Votes VALUES (651, 651, 20);
INSERT INTO Votes VALUES (652, 652, 26);
INSERT INTO Votes VALUES (653, 653, 30);
INSERT INTO Votes VALUES (654, 654, 32);
INSERT INTO Votes VALUES (655, 655, 38);
INSERT INTO Votes VALUES (656, 656, 41);
INSERT INTO Votes VALUES (657, 657, 44);
INSERT INTO Votes VALUES (658, 658, 49);
INSERT INTO Votes VALUES (659, 659, 55);
INSERT INTO Votes VALUES (660, 660, 57);
INSERT INTO Votes VALUES (661, 661, 61);
INSERT INTO Votes VALUES (662, 662, 65);
INSERT INTO Votes VALUES (663, 663, 69);
INSERT INTO Votes VALUES (664, 664, 75);
INSERT INTO Votes VALUES (665, 665, 78);
INSERT INTO Votes VALUES (666, 666, 81);
INSERT INTO Votes VALUES (667, 667, 84);
INSERT INTO Votes VALUES (668, 668, 90);
INSERT INTO Votes VALUES (669, 669, 95);
INSERT INTO Votes VALUES (670, 670, 98);
INSERT INTO Votes VALUES (671, 671, 100);
INSERT INTO Votes VALUES (672, 672, 105);
INSERT INTO Votes VALUES (673, 673, 15);
INSERT INTO Votes VALUES (674, 674, 17);
INSERT INTO Votes VALUES (675, 675, 21);
INSERT INTO Votes VALUES (676, 676, 25);
INSERT INTO Votes VALUES (677, 677, 29);
INSERT INTO Votes VALUES (678, 678, 32);
INSERT INTO Votes VALUES (679, 679, 38);
INSERT INTO Votes VALUES (680, 680, 41);
INSERT INTO Votes VALUES (681, 681, 46);
INSERT INTO Votes VALUES (682, 682, 50);
INSERT INTO Votes VALUES (683, 683, 54);
INSERT INTO Votes VALUES (684, 684, 56);
INSERT INTO Votes VALUES (685, 685, 62);
INSERT INTO Votes VALUES (686, 686, 67);
INSERT INTO Votes VALUES (687, 687, 70);
INSERT INTO Votes VALUES (688, 688, 74);
INSERT INTO Votes VALUES (689, 689, 76);
INSERT INTO Votes VALUES (690, 690, 80);
INSERT INTO Votes VALUES (691, 691, 87);
INSERT INTO Votes VALUES (692, 692, 90);
INSERT INTO Votes VALUES (693, 693, 93);
INSERT INTO Votes VALUES (694, 694, 98);
INSERT INTO Votes VALUES (695, 695, 101);
INSERT INTO Votes VALUES (696, 696, 105);
INSERT INTO Votes VALUES (697, 697, 15);
INSERT INTO Votes VALUES (698, 698, 17);
INSERT INTO Votes VALUES (699, 699, 22);
INSERT INTO Votes VALUES (700, 700, 26);
INSERT INTO Votes VALUES (701, 701, 29);
INSERT INTO Votes VALUES (702, 702, 35);
INSERT INTO Votes VALUES (703, 703, 37);
INSERT INTO Votes VALUES (704, 704, 40);
INSERT INTO Votes VALUES (705, 705, 45);
INSERT INTO Votes VALUES (706, 706, 51);
INSERT INTO Votes VALUES (707, 707, 54);
INSERT INTO Votes VALUES (708, 708, 58);
INSERT INTO Votes VALUES (709, 709, 62);
INSERT INTO Votes VALUES (710, 710, 67);
INSERT INTO Votes VALUES (711, 711, 68);
INSERT INTO Votes VALUES (712, 712, 75);
INSERT INTO Votes VALUES (713, 713, 77);
INSERT INTO Votes VALUES (714, 714, 80);
INSERT INTO Votes VALUES (715, 715, 85);
INSERT INTO Votes VALUES (716, 716, 90);
INSERT INTO Votes VALUES (717, 717, 92);
INSERT INTO Votes VALUES (718, 718, 97);
INSERT INTO Votes VALUES (719, 719, 102);
INSERT INTO Votes VALUES (720, 720, 104);
INSERT INTO Votes VALUES (721, 721, 13);
INSERT INTO Votes VALUES (722, 722, 18);
INSERT INTO Votes VALUES (723, 723, 21);
INSERT INTO Votes VALUES (724, 724, 27);
INSERT INTO Votes VALUES (725, 725, 31);
INSERT INTO Votes VALUES (726, 726, 33);
INSERT INTO Votes VALUES (727, 727, 37);
INSERT INTO Votes VALUES (728, 728, 42);
INSERT INTO Votes VALUES (729, 729, 45);
INSERT INTO Votes VALUES (730, 730, 50);
INSERT INTO Votes VALUES (731, 731, 52);
INSERT INTO Votes VALUES (732, 732, 57);
INSERT INTO Votes VALUES (733, 733, 63);
INSERT INTO Votes VALUES (734, 734, 67);
INSERT INTO Votes VALUES (735, 735, 71);
INSERT INTO Votes VALUES (736, 736, 72);
INSERT INTO Votes VALUES (737, 737, 79);
INSERT INTO Votes VALUES (738, 738, 82);
INSERT INTO Votes VALUES (739, 739, 86);
INSERT INTO Votes VALUES (740, 740, 91);
INSERT INTO Votes VALUES (741, 741, 93);
INSERT INTO Votes VALUES (742, 742, 96);
INSERT INTO Votes VALUES (743, 743, 100);
INSERT INTO Votes VALUES (744, 744, 106);
INSERT INTO Votes VALUES (745, 745, 15);
INSERT INTO Votes VALUES (746, 746, 17);
INSERT INTO Votes VALUES (747, 747, 20);
INSERT INTO Votes VALUES (748, 748, 25);
INSERT INTO Votes VALUES (749, 749, 29);
INSERT INTO Votes VALUES (750, 750, 34);
INSERT INTO Votes VALUES (751, 751, 39);
INSERT INTO Votes VALUES (752, 752, 43);
INSERT INTO Votes VALUES (753, 753, 47);
INSERT INTO Votes VALUES (754, 754, 49);
INSERT INTO Votes VALUES (755, 755, 54);
INSERT INTO Votes VALUES (756, 756, 56);
INSERT INTO Votes VALUES (757, 757, 62);
INSERT INTO Votes VALUES (758, 758, 67);
INSERT INTO Votes VALUES (759, 759, 70);
INSERT INTO Votes VALUES (760, 760, 75);
INSERT INTO Votes VALUES (761, 761, 78);
INSERT INTO Votes VALUES (762, 762, 83);
INSERT INTO Votes VALUES (763, 763, 86);
INSERT INTO Votes VALUES (764, 764, 91);
INSERT INTO Votes VALUES (765, 765, 92);
INSERT INTO Votes VALUES (766, 766, 97);
INSERT INTO Votes VALUES (767, 767, 101);
INSERT INTO Votes VALUES (768, 768, 107);
INSERT INTO Votes VALUES (769, 769, 12);
INSERT INTO Votes VALUES (770, 770, 17);
INSERT INTO Votes VALUES (771, 771, 20);
INSERT INTO Votes VALUES (772, 772, 25);
INSERT INTO Votes VALUES (773, 773, 28);
INSERT INTO Votes VALUES (774, 774, 35);
INSERT INTO Votes VALUES (775, 775, 39);
INSERT INTO Votes VALUES (776, 776, 43);
INSERT INTO Votes VALUES (777, 777, 44);
INSERT INTO Votes VALUES (778, 778, 51);
INSERT INTO Votes VALUES (779, 779, 53);
INSERT INTO Votes VALUES (780, 780, 59);
INSERT INTO Votes VALUES (781, 781, 60);
INSERT INTO Votes VALUES (782, 782, 65);
INSERT INTO Votes VALUES (783, 783, 71);
INSERT INTO Votes VALUES (784, 784, 74);
INSERT INTO Votes VALUES (785, 785, 78);
INSERT INTO Votes VALUES (786, 786, 82);
INSERT INTO Votes VALUES (787, 787, 84);
INSERT INTO Votes VALUES (788, 788, 89);
INSERT INTO Votes VALUES (789, 789, 95);
INSERT INTO Votes VALUES (790, 790, 98);
INSERT INTO Votes VALUES (791, 791, 102);
INSERT INTO Votes VALUES (792, 792, 107);
INSERT INTO Votes VALUES (793, 793, 15);
INSERT INTO Votes VALUES (794, 794, 18);
INSERT INTO Votes VALUES (795, 795, 23);
INSERT INTO Votes VALUES (796, 796, 24);
INSERT INTO Votes VALUES (797, 797, 29);
INSERT INTO Votes VALUES (798, 798, 35);
INSERT INTO Votes VALUES (799, 799, 36);
INSERT INTO Votes VALUES (800, 800, 43);
INSERT INTO Votes VALUES (801, 801, 45);
INSERT INTO Votes VALUES (802, 802, 51);
INSERT INTO Votes VALUES (803, 803, 54);
INSERT INTO Votes VALUES (804, 804, 59);
INSERT INTO Votes VALUES (805, 805, 60);
INSERT INTO Votes VALUES (806, 806, 66);
INSERT INTO Votes VALUES (807, 807, 69);
INSERT INTO Votes VALUES (808, 808, 74);
INSERT INTO Votes VALUES (809, 809, 76);
INSERT INTO Votes VALUES (810, 810, 82);
INSERT INTO Votes VALUES (811, 811, 86);
INSERT INTO Votes VALUES (812, 812, 88);
INSERT INTO Votes VALUES (813, 813, 94);
INSERT INTO Votes VALUES (814, 814, 99);
INSERT INTO Votes VALUES (815, 815, 100);
INSERT INTO Votes VALUES (816, 816, 104);
INSERT INTO Votes VALUES (817, 817, 13);
INSERT INTO Votes VALUES (818, 818, 17);
INSERT INTO Votes VALUES (819, 819, 23);
INSERT INTO Votes VALUES (820, 820, 27);
INSERT INTO Votes VALUES (821, 821, 28);
INSERT INTO Votes VALUES (822, 822, 34);
INSERT INTO Votes VALUES (823, 823, 36);
INSERT INTO Votes VALUES (824, 824, 43);
INSERT INTO Votes VALUES (825, 825, 47);
INSERT INTO Votes VALUES (826, 826, 48);
INSERT INTO Votes VALUES (827, 827, 53);
INSERT INTO Votes VALUES (828, 828, 56);
INSERT INTO Votes VALUES (829, 829, 60);
INSERT INTO Votes VALUES (830, 830, 67);
INSERT INTO Votes VALUES (831, 831, 69);
INSERT INTO Votes VALUES (832, 832, 74);
INSERT INTO Votes VALUES (833, 833, 77);
INSERT INTO Votes VALUES (834, 834, 80);
INSERT INTO Votes VALUES (835, 835, 87);
INSERT INTO Votes VALUES (836, 836, 89);
INSERT INTO Votes VALUES (837, 837, 94);
INSERT INTO Votes VALUES (838, 838, 96);
INSERT INTO Votes VALUES (839, 839, 101);
INSERT INTO Votes VALUES (840, 840, 104);
INSERT INTO Votes VALUES (841, 841, 15);
INSERT INTO Votes VALUES (842, 842, 19);
INSERT INTO Votes VALUES (843, 843, 22);
INSERT INTO Votes VALUES (844, 844, 27);
INSERT INTO Votes VALUES (845, 845, 28);
INSERT INTO Votes VALUES (846, 846, 32);
INSERT INTO Votes VALUES (847, 847, 38);
INSERT INTO Votes VALUES (848, 848, 40);
INSERT INTO Votes VALUES (849, 849, 45);
INSERT INTO Votes VALUES (850, 850, 50);
INSERT INTO Votes VALUES (851, 851, 55);
INSERT INTO Votes VALUES (852, 852, 57);
INSERT INTO Votes VALUES (853, 853, 63);
INSERT INTO Votes VALUES (854, 854, 67);
INSERT INTO Votes VALUES (855, 855, 69);
INSERT INTO Votes VALUES (856, 856, 73);
INSERT INTO Votes VALUES (857, 857, 78);
INSERT INTO Votes VALUES (858, 858, 83);
INSERT INTO Votes VALUES (859, 859, 85);
INSERT INTO Votes VALUES (860, 860, 90);
INSERT INTO Votes VALUES (861, 861, 94);
INSERT INTO Votes VALUES (862, 862, 96);
INSERT INTO Votes VALUES (863, 863, 102);
INSERT INTO Votes VALUES (864, 864, 105);
INSERT INTO Votes VALUES (865, 865, 14);
INSERT INTO Votes VALUES (866, 866, 18);
INSERT INTO Votes VALUES (867, 867, 21);
INSERT INTO Votes VALUES (868, 868, 25);
INSERT INTO Votes VALUES (869, 869, 31);
INSERT INTO Votes VALUES (870, 870, 34);
INSERT INTO Votes VALUES (871, 871, 39);
INSERT INTO Votes VALUES (872, 872, 43);
INSERT INTO Votes VALUES (873, 873, 45);
INSERT INTO Votes VALUES (874, 874, 51);
INSERT INTO Votes VALUES (875, 875, 54);
INSERT INTO Votes VALUES (876, 876, 58);
INSERT INTO Votes VALUES (877, 877, 63);
INSERT INTO Votes VALUES (878, 878, 64);
INSERT INTO Votes VALUES (879, 879, 69);
INSERT INTO Votes VALUES (880, 880, 74);
INSERT INTO Votes VALUES (881, 881, 76);
INSERT INTO Votes VALUES (882, 882, 81);
INSERT INTO Votes VALUES (883, 883, 87);
INSERT INTO Votes VALUES (884, 884, 88);
INSERT INTO Votes VALUES (885, 885, 94);
INSERT INTO Votes VALUES (886, 886, 96);
INSERT INTO Votes VALUES (887, 887, 100);
INSERT INTO Votes VALUES (888, 888, 107);
INSERT INTO Votes VALUES (889, 889, 15);
INSERT INTO Votes VALUES (890, 890, 16);
INSERT INTO Votes VALUES (891, 891, 23);
INSERT INTO Votes VALUES (892, 892, 26);
INSERT INTO Votes VALUES (893, 893, 29);
INSERT INTO Votes VALUES (894, 894, 35);
INSERT INTO Votes VALUES (895, 895, 37);
INSERT INTO Votes VALUES (896, 896, 40);
INSERT INTO Votes VALUES (897, 897, 47);
INSERT INTO Votes VALUES (898, 898, 50);
INSERT INTO Votes VALUES (899, 899, 54);
INSERT INTO Votes VALUES (900, 900, 57);
INSERT INTO Votes VALUES (901, 901, 60);
INSERT INTO Votes VALUES (902, 902, 66);
INSERT INTO Votes VALUES (903, 903, 70);
INSERT INTO Votes VALUES (904, 904, 72);
INSERT INTO Votes VALUES (905, 905, 79);
INSERT INTO Votes VALUES (906, 906, 82);
INSERT INTO Votes VALUES (907, 907, 86);
INSERT INTO Votes VALUES (908, 908, 88);
INSERT INTO Votes VALUES (909, 909, 95);
INSERT INTO Votes VALUES (910, 910, 97);
INSERT INTO Votes VALUES (911, 911, 102);
INSERT INTO Votes VALUES (912, 912, 105);
INSERT INTO Votes VALUES (913, 913, 12);
INSERT INTO Votes VALUES (914, 914, 18);
INSERT INTO Votes VALUES (915, 915, 22);
INSERT INTO Votes VALUES (916, 916, 25);
INSERT INTO Votes VALUES (917, 917, 28);
INSERT INTO Votes VALUES (918, 918, 33);
INSERT INTO Votes VALUES (919, 919, 39);
INSERT INTO Votes VALUES (920, 920, 41);
INSERT INTO Votes VALUES (921, 921, 46);
INSERT INTO Votes VALUES (922, 922, 51);
INSERT INTO Votes VALUES (923, 923, 55);
INSERT INTO Votes VALUES (924, 924, 56);
INSERT INTO Votes VALUES (925, 925, 62);
INSERT INTO Votes VALUES (926, 926, 64);
INSERT INTO Votes VALUES (927, 927, 68);
INSERT INTO Votes VALUES (928, 928, 74);
INSERT INTO Votes VALUES (929, 929, 79);
INSERT INTO Votes VALUES (930, 930, 82);
INSERT INTO Votes VALUES (931, 931, 87);
INSERT INTO Votes VALUES (932, 932, 90);
INSERT INTO Votes VALUES (933, 933, 93);
INSERT INTO Votes VALUES (934, 934, 99);
INSERT INTO Votes VALUES (935, 935, 102);
INSERT INTO Votes VALUES (936, 936, 104);
INSERT INTO Votes VALUES (937, 937, 12);
INSERT INTO Votes VALUES (938, 938, 19);
INSERT INTO Votes VALUES (939, 939, 20);
INSERT INTO Votes VALUES (940, 940, 26);
INSERT INTO Votes VALUES (941, 941, 29);
INSERT INTO Votes VALUES (942, 942, 34);
INSERT INTO Votes VALUES (943, 943, 37);
INSERT INTO Votes VALUES (944, 944, 43);
INSERT INTO Votes VALUES (945, 945, 47);
INSERT INTO Votes VALUES (946, 946, 50);
INSERT INTO Votes VALUES (947, 947, 54);
INSERT INTO Votes VALUES (948, 948, 59);
INSERT INTO Votes VALUES (949, 949, 62);
INSERT INTO Votes VALUES (950, 950, 64);
INSERT INTO Votes VALUES (951, 951, 68);
INSERT INTO Votes VALUES (952, 952, 75);
INSERT INTO Votes VALUES (953, 953, 78);
INSERT INTO Votes VALUES (954, 954, 83);
INSERT INTO Votes VALUES (955, 955, 86);
INSERT INTO Votes VALUES (956, 956, 88);
INSERT INTO Votes VALUES (957, 957, 94);
INSERT INTO Votes VALUES (958, 958, 99);
INSERT INTO Votes VALUES (959, 959, 103);
INSERT INTO Votes VALUES (960, 960, 104);
INSERT INTO Votes VALUES (961, 961, 14);
INSERT INTO Votes VALUES (962, 962, 18);
INSERT INTO Votes VALUES (963, 963, 21);
INSERT INTO Votes VALUES (964, 964, 25);
INSERT INTO Votes VALUES (965, 965, 29);
INSERT INTO Votes VALUES (966, 966, 32);
INSERT INTO Votes VALUES (967, 967, 39);
INSERT INTO Votes VALUES (968, 968, 43);
INSERT INTO Votes VALUES (969, 969, 45);
INSERT INTO Votes VALUES (970, 970, 50);
INSERT INTO Votes VALUES (971, 971, 53);
INSERT INTO Votes VALUES (972, 972, 56);
INSERT INTO Votes VALUES (973, 973, 62);
INSERT INTO Votes VALUES (974, 974, 65);
INSERT INTO Votes VALUES (975, 975, 68);
INSERT INTO Votes VALUES (976, 976, 73);
INSERT INTO Votes VALUES (977, 977, 77);
INSERT INTO Votes VALUES (978, 978, 80);
INSERT INTO Votes VALUES (979, 979, 87);
INSERT INTO Votes VALUES (980, 980, 91);
INSERT INTO Votes VALUES (981, 981, 94);
INSERT INTO Votes VALUES (982, 982, 97);
INSERT INTO Votes VALUES (983, 983, 102);
INSERT INTO Votes VALUES (984, 984, 105);
INSERT INTO Votes VALUES (985, 985, 15);
INSERT INTO Votes VALUES (986, 986, 16);
INSERT INTO Votes VALUES (987, 987, 20);
INSERT INTO Votes VALUES (988, 988, 27);
INSERT INTO Votes VALUES (989, 989, 31);
INSERT INTO Votes VALUES (990, 990, 33);
INSERT INTO Votes VALUES (991, 991, 37);
INSERT INTO Votes VALUES (992, 992, 43);
INSERT INTO Votes VALUES (993, 993, 47);
INSERT INTO Votes VALUES (994, 994, 51);
INSERT INTO Votes VALUES (995, 995, 55);
INSERT INTO Votes VALUES (996, 996, 56);
INSERT INTO Votes VALUES (997, 997, 61);
INSERT INTO Votes VALUES (998, 998, 65);
INSERT INTO Votes VALUES (999, 999, 69);
INSERT INTO Votes VALUES (1000, 1000, 74);
INSERT INTO Votes VALUES (1001, 1001, 79);
INSERT INTO Votes VALUES (1002, 1002, 81);
INSERT INTO Votes VALUES (1003, 1003, 86);
INSERT INTO Votes VALUES (1004, 1004, 91);
INSERT INTO Votes VALUES (1005, 1005, 95);
INSERT INTO Votes VALUES (1006, 1006, 96);
INSERT INTO Votes VALUES (1007, 1007, 103);
INSERT INTO Votes VALUES (1008, 1008, 107);
INSERT INTO Votes VALUES (1009, 1009, 14);
INSERT INTO Votes VALUES (1010, 1010, 16);
INSERT INTO Votes VALUES (1011, 1011, 23);
INSERT INTO Votes VALUES (1012, 1012, 27);
INSERT INTO Votes VALUES (1013, 1013, 30);
INSERT INTO Votes VALUES (1014, 1014, 32);
INSERT INTO Votes VALUES (1015, 1015, 38);
INSERT INTO Votes VALUES (1016, 1016, 42);
INSERT INTO Votes VALUES (1017, 1017, 46);
INSERT INTO Votes VALUES (1018, 1018, 48);
INSERT INTO Votes VALUES (1019, 1019, 53);
INSERT INTO Votes VALUES (1020, 1020, 56);
INSERT INTO Votes VALUES (1021, 1021, 61);
INSERT INTO Votes VALUES (1022, 1022, 64);
INSERT INTO Votes VALUES (1023, 1023, 69);
INSERT INTO Votes VALUES (1024, 1024, 74);
INSERT INTO Votes VALUES (1025, 1025, 76);
INSERT INTO Votes VALUES (1026, 1026, 83);
INSERT INTO Votes VALUES (1027, 1027, 86);
INSERT INTO Votes VALUES (1028, 1028, 89);
INSERT INTO Votes VALUES (1029, 1029, 94);
INSERT INTO Votes VALUES (1030, 1030, 96);
INSERT INTO Votes VALUES (1031, 1031, 103);
INSERT INTO Votes VALUES (1032, 1032, 107);
INSERT INTO Votes VALUES (1033, 1033, 13);
INSERT INTO Votes VALUES (1034, 1034, 19);
INSERT INTO Votes VALUES (1035, 1035, 23);
INSERT INTO Votes VALUES (1036, 1036, 24);
INSERT INTO Votes VALUES (1037, 1037, 31);
INSERT INTO Votes VALUES (1038, 1038, 32);
INSERT INTO Votes VALUES (1039, 1039, 38);
INSERT INTO Votes VALUES (1040, 1040, 42);
INSERT INTO Votes VALUES (1041, 1041, 45);
INSERT INTO Votes VALUES (1042, 1042, 48);
INSERT INTO Votes VALUES (1043, 1043, 54);
INSERT INTO Votes VALUES (1044, 1044, 59);
INSERT INTO Votes VALUES (1045, 1045, 62);
INSERT INTO Votes VALUES (1046, 1046, 64);
INSERT INTO Votes VALUES (1047, 1047, 69);
INSERT INTO Votes VALUES (1048, 1048, 73);
INSERT INTO Votes VALUES (1049, 1049, 78);
INSERT INTO Votes VALUES (1050, 1050, 81);
INSERT INTO Votes VALUES (1051, 1051, 87);
INSERT INTO Votes VALUES (1052, 1052, 89);
INSERT INTO Votes VALUES (1053, 1053, 94);
INSERT INTO Votes VALUES (1054, 1054, 98);
INSERT INTO Votes VALUES (1055, 1055, 103);
INSERT INTO Votes VALUES (1056, 1056, 105);
INSERT INTO Votes VALUES (1057, 1057, 13);
INSERT INTO Votes VALUES (1058, 1058, 16);
INSERT INTO Votes VALUES (1059, 1059, 20);
INSERT INTO Votes VALUES (1060, 1060, 24);
INSERT INTO Votes VALUES (1061, 1061, 31);
INSERT INTO Votes VALUES (1062, 1062, 32);
INSERT INTO Votes VALUES (1063, 1063, 37);
INSERT INTO Votes VALUES (1064, 1064, 41);
INSERT INTO Votes VALUES (1065, 1065, 44);
INSERT INTO Votes VALUES (1066, 1066, 48);
INSERT INTO Votes VALUES (1067, 1067, 55);
INSERT INTO Votes VALUES (1068, 1068, 57);
INSERT INTO Votes VALUES (1069, 1069, 60);
INSERT INTO Votes VALUES (1070, 1070, 64);
INSERT INTO Votes VALUES (1071, 1071, 69);
INSERT INTO Votes VALUES (1072, 1072, 73);
INSERT INTO Votes VALUES (1073, 1073, 78);
INSERT INTO Votes VALUES (1074, 1074, 82);
INSERT INTO Votes VALUES (1075, 1075, 84);
INSERT INTO Votes VALUES (1076, 1076, 90);
INSERT INTO Votes VALUES (1077, 1077, 93);
INSERT INTO Votes VALUES (1078, 1078, 96);
INSERT INTO Votes VALUES (1079, 1079, 101);
INSERT INTO Votes VALUES (1080, 1080, 106);
INSERT INTO Votes VALUES (1081, 1081, 14);
INSERT INTO Votes VALUES (1082, 1082, 16);
INSERT INTO Votes VALUES (1083, 1083, 21);
INSERT INTO Votes VALUES (1084, 1084, 24);
INSERT INTO Votes VALUES (1085, 1085, 31);
INSERT INTO Votes VALUES (1086, 1086, 33);
INSERT INTO Votes VALUES (1087, 1087, 39);
INSERT INTO Votes VALUES (1088, 1088, 41);
INSERT INTO Votes VALUES (1089, 1089, 47);
INSERT INTO Votes VALUES (1090, 1090, 50);
INSERT INTO Votes VALUES (1091, 1091, 54);
INSERT INTO Votes VALUES (1092, 1092, 59);
INSERT INTO Votes VALUES (1093, 1093, 60);
INSERT INTO Votes VALUES (1094, 1094, 66);
INSERT INTO Votes VALUES (1095, 1095, 70);
INSERT INTO Votes VALUES (1096, 1096, 72);
INSERT INTO Votes VALUES (1097, 1097, 78);
INSERT INTO Votes VALUES (1098, 1098, 80);
INSERT INTO Votes VALUES (1099, 1099, 85);
INSERT INTO Votes VALUES (1100, 1100, 90);
INSERT INTO Votes VALUES (1101, 1101, 93);
INSERT INTO Votes VALUES (1102, 1102, 98);
INSERT INTO Votes VALUES (1103, 1103, 101);
INSERT INTO Votes VALUES (1104, 1104, 107);
INSERT INTO Votes VALUES (1105, 1105, 14);
INSERT INTO Votes VALUES (1106, 1106, 16);
INSERT INTO Votes VALUES (1107, 1107, 21);
INSERT INTO Votes VALUES (1108, 1108, 24);
INSERT INTO Votes VALUES (1109, 1109, 30);
INSERT INTO Votes VALUES (1110, 1110, 32);
INSERT INTO Votes VALUES (1111, 1111, 38);
INSERT INTO Votes VALUES (1112, 1112, 43);
INSERT INTO Votes VALUES (1113, 1113, 45);
INSERT INTO Votes VALUES (1114, 1114, 51);
INSERT INTO Votes VALUES (1115, 1115, 55);
INSERT INTO Votes VALUES (1116, 1116, 56);
INSERT INTO Votes VALUES (1117, 1117, 63);
INSERT INTO Votes VALUES (1118, 1118, 67);
INSERT INTO Votes VALUES (1119, 1119, 68);
INSERT INTO Votes VALUES (1120, 1120, 73);
INSERT INTO Votes VALUES (1121, 1121, 76);
INSERT INTO Votes VALUES (1122, 1122, 82);
INSERT INTO Votes VALUES (1123, 1123, 85);
INSERT INTO Votes VALUES (1124, 1124, 89);
INSERT INTO Votes VALUES (1125, 1125, 92);
INSERT INTO Votes VALUES (1126, 1126, 98);
INSERT INTO Votes VALUES (1127, 1127, 102);
INSERT INTO Votes VALUES (1128, 1128, 104);
INSERT INTO Votes VALUES (1129, 1129, 12);
INSERT INTO Votes VALUES (1130, 1130, 17);
INSERT INTO Votes VALUES (1131, 1131, 21);
INSERT INTO Votes VALUES (1132, 1132, 25);
INSERT INTO Votes VALUES (1133, 1133, 31);
INSERT INTO Votes VALUES (1134, 1134, 34);
INSERT INTO Votes VALUES (1135, 1135, 36);
INSERT INTO Votes VALUES (1136, 1136, 42);
INSERT INTO Votes VALUES (1137, 1137, 44);
INSERT INTO Votes VALUES (1138, 1138, 48);
INSERT INTO Votes VALUES (1139, 1139, 55);
INSERT INTO Votes VALUES (1140, 1140, 56);
INSERT INTO Votes VALUES (1141, 1141, 62);
INSERT INTO Votes VALUES (1142, 1142, 65);
INSERT INTO Votes VALUES (1143, 1143, 71);
INSERT INTO Votes VALUES (1144, 1144, 74);
INSERT INTO Votes VALUES (1145, 1145, 78);
INSERT INTO Votes VALUES (1146, 1146, 82);
INSERT INTO Votes VALUES (1147, 1147, 85);
INSERT INTO Votes VALUES (1148, 1148, 91);
INSERT INTO Votes VALUES (1149, 1149, 92);
INSERT INTO Votes VALUES (1150, 1150, 97);
INSERT INTO Votes VALUES (1151, 1151, 100);
INSERT INTO Votes VALUES (1152, 1152, 105);
INSERT INTO Votes VALUES (1153, 1153, 12);
INSERT INTO Votes VALUES (1154, 1154, 17);
INSERT INTO Votes VALUES (1155, 1155, 20);
INSERT INTO Votes VALUES (1156, 1156, 25);
INSERT INTO Votes VALUES (1157, 1157, 29);
INSERT INTO Votes VALUES (1158, 1158, 32);
INSERT INTO Votes VALUES (1159, 1159, 37);
INSERT INTO Votes VALUES (1160, 1160, 40);
INSERT INTO Votes VALUES (1161, 1161, 46);
INSERT INTO Votes VALUES (1162, 1162, 50);
INSERT INTO Votes VALUES (1163, 1163, 54);
INSERT INTO Votes VALUES (1164, 1164, 58);
INSERT INTO Votes VALUES (1165, 1165, 61);
INSERT INTO Votes VALUES (1166, 1166, 65);
INSERT INTO Votes VALUES (1167, 1167, 70);
INSERT INTO Votes VALUES (1168, 1168, 74);
INSERT INTO Votes VALUES (1169, 1169, 79);
INSERT INTO Votes VALUES (1170, 1170, 80);
INSERT INTO Votes VALUES (1171, 1171, 86);
INSERT INTO Votes VALUES (1172, 1172, 90);
INSERT INTO Votes VALUES (1173, 1173, 95);
INSERT INTO Votes VALUES (1174, 1174, 99);
INSERT INTO Votes VALUES (1175, 1175, 102);
INSERT INTO Votes VALUES (1176, 1176, 106);
INSERT INTO Votes VALUES (1177, 1177, 15);
INSERT INTO Votes VALUES (1178, 1178, 16);
INSERT INTO Votes VALUES (1179, 1179, 21);
INSERT INTO Votes VALUES (1180, 1180, 25);
INSERT INTO Votes VALUES (1181, 1181, 30);
INSERT INTO Votes VALUES (1182, 1182, 35);
INSERT INTO Votes VALUES (1183, 1183, 39);
INSERT INTO Votes VALUES (1184, 1184, 43);
INSERT INTO Votes VALUES (1185, 1185, 46);
INSERT INTO Votes VALUES (1186, 1186, 50);
INSERT INTO Votes VALUES (1187, 1187, 52);
INSERT INTO Votes VALUES (1188, 1188, 59);
INSERT INTO Votes VALUES (1189, 1189, 63);
INSERT INTO Votes VALUES (1190, 1190, 64);
INSERT INTO Votes VALUES (1191, 1191, 70);
INSERT INTO Votes VALUES (1192, 1192, 72);
INSERT INTO Votes VALUES (1193, 1193, 78);
INSERT INTO Votes VALUES (1194, 1194, 82);
INSERT INTO Votes VALUES (1195, 1195, 84);
INSERT INTO Votes VALUES (1196, 1196, 90);
INSERT INTO Votes VALUES (1197, 1197, 92);
INSERT INTO Votes VALUES (1198, 1198, 98);
INSERT INTO Votes VALUES (1199, 1199, 100);
INSERT INTO Votes VALUES (1200, 1200, 105);
